X,Y,OBJECTID,Loc_name,Status,Score,Match_type,Match_addr,Side,User_fld,Addr_type,IN_Street,IN_City,IN_ZIP,IN_State,USER_Date,USER_Address,USER_City,USER_State,USER_Fatal,USER_Year
-86.212863177199836,41.669358140588677,1,Danielle-Cente,M,100,A,"700 S 24TH ST, SOUTH BEND, 46615",L,0,StreetAddress,700 S 24th St. ,South Bend,,IN,2017-09-05T05:00:00.000Z,700 S 24th St. ,South Bend,IN,No,2017
-86.211669466094008,41.671327259575641,2,Danielle-Cente,M,100,A,"500 S 25TH ST, SOUTH BEND, 46615",L,0,StreetAddress,500 S 25th St. ,South Bend,,IN,2016-10-19T05:00:00.000Z,500 S 25th St. ,South Bend,IN,Yes,2016
-86.210651849929178,41.706166250802845,3,Danielle-Cente,T,88.59,A,"54100 27TH ST, SOUTH BEND, 46635",L,0,StreetAddress,700 S 27th St. ,South Bend,,IN,2015-05-16T05:00:00.000Z,700 S 27th St. ,South Bend,IN,No,2015
-86.203825655065117,41.660457424047245,4,Danielle-Cente,M,100,A,"1300 S 31ST ST, SOUTH BEND, 46615",R,0,StreetAddress,1300 S 31st. St. ,South Bend,,IN,2016-12-11T05:00:00.000Z,1300 S 31st. St. ,South Bend,IN,Yes,2016
-86.199082041227783,41.662466499706767,5,Danielle-Cente,M,100,A,"1200 S 35TH ST, SOUTH BEND, 46615",R,0,StreetAddress,1200 S 35th St. ,South Bend,,IN,2017-08-01T05:00:00.000Z,1200 S 35th St. ,South Bend,IN,No,2017
-86.197846156852407,41.670290216750857,6,Danielle-Cente,M,100,A,"600 S 36TH ST, SOUTH BEND, 46615",L,0,StreetAddress,600 S 36th St. ,South Bend,,IN,2016-10-10T05:00:00.000Z,600 S 36th St. ,South Bend,IN,No,2016
-86.275180735355576,41.68755184607479,7,Danielle-Cente,M,100,A,"1000 N ADAMS ST, SOUTH BEND, 46628",R,0,StreetAddress,1000 N Adams St. ,South Bend,,IN,2015-08-17T05:00:00.000Z,1000 N Adams St. ,South Bend,IN,No,2015
-86.275258187613545,41.690830006224417,8,Danielle-Cente,M,79,A,"1201 N ADAMS ST, SOUTH BEND, 46628",L,0,StreetAddress,1200 N Adams St. ,South Bend,,IN,2015-12-08T05:00:00.000Z,1200 N Adams St. ,South Bend,IN,No,2015
-86.265784383080472,41.682962983006959,9,Danielle-Cente,M,100,A,"500 N ALLEN ST, SOUTH BEND, 46616",L,0,StreetAddress,500 N Allen St. ,South Bend,,IN,2015-12-26T05:00:00.000Z,500 N Allen St. ,South Bend,IN,No,2015
-86.266053949764839,41.683876559597714,10,Danielle-Cente,M,100,A,"700 N ALLEN ST, SOUTH BEND, 46616",R,0,StreetAddress,700 N Allen St. ,South Bend,,IN,2016-11-13T05:00:00.000Z,700 N Allen St. ,South Bend,IN,No,2016
-86.271409131644305,41.694757127469671,11,Danielle-Cente,M,100,A,"1500 N ANDERSON AV, SOUTH BEND, 46628",R,0,StreetAddress,1500 N Anderson Ave. ,South Bend,,IN,2016-01-18T05:00:00.000Z,1500 N Anderson Ave. ,South Bend,IN,Yes,2016
-86.233083403698458,41.683553038733038,12,Danielle-Cente,M,81.74,A,"600 N ARTHUR ST, SOUTH BEND, 46617",R,0,StreetAddress,600 N Arhur St. ,South Bend,,IN,2017-07-22T05:00:00.000Z,600 N Arhur St. ,South Bend,IN,No,2017
-86.293528914708531,41.697305562594465,13,Danielle-Cente,M,79,A,"1401 N BENDIX DR, SOUTH BEND, 46628",L,0,StreetAddress,1400 N Bendix Dr. ,South Bend,,IN,2015-03-24T05:00:00.000Z,1400 N Bendix Dr. ,South Bend,IN,Yes,2015
-86.288751030951644,41.666578321074539,14,Danielle-Cente,M,79,A,"801 S BENDIX DR, SOUTH BEND, 46619",L,0,StreetAddress,800 S Bendix Dr. ,South Bend,,IN,2017-03-16T05:00:00.000Z,800 S Bendix Dr. ,South Bend,IN,Yes,2017
-86.273203454819253,41.682173871620201,15,Danielle-Cente,T,100,A,"601 N BIRDSELL ST, SOUTH BEND, 46628",L,0,StreetAddress,300 N Birdsell St. ,South Bend,,IN,2017-12-11T05:00:00.000Z,300 N Birdsell St. ,South Bend,IN,No,2017
-86.273208723874774,41.680562122448528,16,Danielle-Cente,M,100,A,"400 N BIRDSELL ST, SOUTH BEND, 46628",R,0,StreetAddress,400 N Birdsell St. ,South Bend,,IN,2015-09-20T05:00:00.000Z,400 N Birdsell St. ,South Bend,IN,Yes,2015
-86.267455863594861,41.689365913670208,17,Danielle-Cente,M,100,A,"1100 N BLAINE AV, SOUTH BEND, 46616",R,0,StreetAddress,1100 N Blaine Ave. ,South Bend,,IN,2017-02-06T05:00:00.000Z,1100 N Blaine Ave. ,South Bend,IN,Yes,2017
-86.267472647275255,41.690910335315579,18,Danielle-Cente,T,86.3,A,"1201 N BLAINE AV, SOUTH BEND, 46628",L,0,StreetAddress,800 N Blaine St. ,South Bend,,IN,2015-10-10T05:00:00.000Z,800 N Blaine St. ,South Bend,IN,No,2015
-86.28754030249307,41.719960917096351,19,Danielle-Cente,T,100,A,"2653 N BOW CT, SOUTH BEND, 46628",L,0,StreetAddress,2600 N Bow Ct. ,South Bend,,IN,2015-12-24T05:00:00.000Z,2600 N Bow Ct. ,South Bend,IN,No,2015
-86.237913297883196,41.653677197665459,20,Danielle-Cente,M,100,A,"900 E BOWMAN ST, SOUTH BEND, 46613",R,0,StreetAddress,900 E Bowman St. ,South Bend,,IN,2016-08-19T05:00:00.000Z,900 E Bowman St. ,South Bend,IN,No,2016
-86.237913297883196,41.653677197665459,21,Danielle-Cente,M,100,A,"900 E BOWMAN ST, SOUTH BEND, 46613",R,0,StreetAddress,900 E Bowman St. ,South Bend,,IN,2016-08-20T05:00:00.000Z,900 E Bowman St. ,South Bend,IN,No,2016
-86.244443528651502,41.660177786042539,22,Danielle-Cente,M,100,A,"500 E BROADWAY ST, SOUTH BEND, 46613",R,0,StreetAddress,500 E Broadway St. ,South Bend,,IN,2016-05-28T05:00:00.000Z,500 E Broadway St. ,South Bend,IN,Yes,2016
-86.24105887229004,41.660260454124625,23,Danielle-Cente,M,100,A,"700 E BROADWAY ST, SOUTH BEND, 46613",R,0,StreetAddress,700 E Broadway St. ,South Bend,,IN,2016-03-12T05:00:00.000Z,700 E Broadway St. ,South Bend,IN,No,2016
-86.277704528271556,41.689212293480558,24,Danielle-Cente,M,100,A,"1100 N BROOKFIELD ST, SOUTH BEND, 46628",R,0,StreetAddress,1100 N Brookfield St. ,South Bend,,IN,2015-05-24T05:00:00.000Z,1100 N Brookfield St. ,South Bend,IN,No,2015
-86.277937725253395,41.701511289243356,25,Danielle-Cente,M,79,A,"1901 N BROOKFIELD ST, SOUTH BEND, 46628",L,0,StreetAddress,1900 N Brookfield St. ,South Bend,,IN,2017-07-31T05:00:00.000Z,1900 N Brookfield St. ,South Bend,IN,No,2017
-86.229898487856957,41.634535616444417,26,Danielle-Cente,T,100,A,"3928 S BROOKTON DR, SOUTH BEND, 46614",L,0,StreetAddress,4000 S Brookton Dr. ,South Bend,,IN,2016-04-05T05:00:00.000Z,4000 S Brookton Dr. ,South Bend,IN,No,2016
-86.264599684945395,41.70079541415636,27,Danielle-Cente,T,88.59,A,"1014 BRYAN ST, SOUTH BEND, 46616",L,0,StreetAddress,1000 W Bryan St. ,South Bend,,IN,2015-12-25T05:00:00.000Z,1000 W Bryan St. ,South Bend,IN,No,2015
-86.268974904040604,41.654015614842542,28,Danielle-Cente,T,90.87,A,"1300 W CALVERT ST, SOUTH BEND, 46613",L,0,StreetAddress,1300 E Calvert St. ,South Bend,,IN,2017-11-30T05:00:00.000Z,1300 E Calvert St. ,South Bend,IN,No,2017
-86.247875485618351,41.654342440162758,29,Danielle-Cente,M,100,A,"200 E CALVERT ST, SOUTH BEND, 46613",L,0,StreetAddress,200 E Calvert St. ,South Bend,,IN,2017-06-10T05:00:00.000Z,200 E Calvert St. ,South Bend,IN,No,2017
-86.247875485618351,41.654342440162758,30,Danielle-Cente,M,100,A,"200 E CALVERT ST, SOUTH BEND, 46613",L,0,StreetAddress,200 E Calvert St. ,South Bend,,IN,2017-06-22T05:00:00.000Z,200 E Calvert St. ,South Bend,IN,No,2017
-86.247875485618351,41.654342440162758,31,Danielle-Cente,M,100,A,"200 E CALVERT ST, SOUTH BEND, 46613",L,0,StreetAddress,200 E Calvert St. ,South Bend,,IN,2015-01-04T05:00:00.000Z,200 E Calvert St. ,South Bend,IN,Yes,2015
-86.247875485618351,41.654342440162758,32,Danielle-Cente,M,100,A,"200 E CALVERT ST, SOUTH BEND, 46613",L,0,StreetAddress,200 E Calvert St. ,South Bend,,IN,2015-01-04T05:00:00.000Z,200 E Calvert St. ,South Bend,IN,Yes,2015
-86.258757395268731,41.65414403192834,33,Danielle-Cente,M,100,A,"700 W CALVERT ST, SOUTH BEND, 46613",L,0,StreetAddress,700 W Calvert St. ,South Bend,,IN,2017-12-04T05:00:00.000Z,700 W Calvert St. ,South Bend,IN,No,2017
-86.242207303019072,41.681884184648638,34,Danielle-Cente,T,100,A,"E CEDAR ST, SOUTH BEND, 46617",L,0,StreetAddress,1200 E Cedar St. ,South Bend,,IN,2016-09-26T05:00:00.000Z,1200 E Cedar St. ,South Bend,IN,Yes,2016
-86.302211895297802,41.677678768676145,35,Danielle-Cente,M,100,A,"200 N CHICAGO ST, SOUTH BEND, 46619",R,0,StreetAddress,200 N Chicago St. ,South Bend,,IN,2015-08-10T05:00:00.000Z,200 N Chicago St. ,South Bend,IN,No,2015
-86.302110378595586,41.671904889362573,36,Danielle-Cente,M,100,A,"400 S CHICAGO ST, SOUTH BEND, 46619",L,0,StreetAddress,400 S Chicago St. ,South Bend,,IN,2017-01-02T05:00:00.000Z,400 S Chicago St. ,South Bend,IN,No,2017
-86.268738325983335,41.691155641332536,37,Danielle-Cente,T,86.3,A,"N CLEVELAND AV, SOUTH BEND, 46628",L,0,StreetAddress,1000 N Cleveland St. ,South Bend,,IN,2015-05-17T05:00:00.000Z,1000 N Cleveland St. ,South Bend,IN,No,2015
-86.268688706354197,41.689350767186681,38,Danielle-Cente,M,100,A,"1100 N CLEVELAND AV, SOUTH BEND, 46628",R,0,StreetAddress,1100 N Cleveland Ave. ,South Bend,,IN,2016-09-23T05:00:00.000Z,1100 N Cleveland Ave. ,South Bend,IN,No,2016
-86.268688706354197,41.689350767186681,39,Danielle-Cente,M,100,A,"1100 N CLEVELAND AV, SOUTH BEND, 46628",R,0,StreetAddress,1100 N Cleveland Ave. ,South Bend,,IN,2016-09-23T05:00:00.000Z,1100 N Cleveland Ave. ,South Bend,IN,No,2016
-86.268688706354197,41.689350767186681,40,Danielle-Cente,M,100,A,"1100 N CLEVELAND AV, SOUTH BEND, 46628",R,0,StreetAddress,1100 N Cleveland Ave. ,South Bend,,IN,2016-09-23T05:00:00.000Z,1100 N Cleveland Ave. ,South Bend,IN,No,2016
-86.319789887521381,41.680507449349122,41,Danielle-Cente,T,86.3,A,"5202 W COLFAX AV, SOUTH BEND, 46619",L,0,StreetAddress,200 W Colfax St. ,South Bend,,IN,2016-05-31T05:00:00.000Z,200 W Colfax St. ,South Bend,IN,Yes,2016
-86.242887553661987,41.67781706092147,42,Danielle-Cente,M,90.87,A,"600 E COLFAX AV, SOUTH BEND, 46617",R,0,StreetAddress,600 W Colfax Ave. ,South Bend,,IN,2015-06-13T05:00:00.000Z,600 W Colfax Ave. ,South Bend,IN,No,2015
-86.261262120571899,41.677641952189227,43,Danielle-Cente,M,100,A,"800 W COLFAX AV, SOUTH BEND, 46601",L,0,StreetAddress,800 W Colfax Ave. ,South Bend,,IN,2017-05-05T05:00:00.000Z,800 W Colfax Ave. ,South Bend,IN,No,2017
-86.276445925646598,41.689227394247119,44,Danielle-Cente,M,100,A,"1100 N COLLEGE ST, SOUTH BEND, 46628",R,0,StreetAddress,1100 N College St. ,South Bend,,IN,2017-05-16T05:00:00.000Z,1100 N College St. ,South Bend,IN,No,2017
-86.276474376795605,41.690818496500505,45,Danielle-Cente,M,79,A,"1201 N COLLEGE ST, SOUTH BEND, 46628",L,0,StreetAddress,1200 N College St. ,South Bend,,IN,2016-07-02T05:00:00.000Z,1200 N College St. ,South Bend,IN,No,2016
-86.276541057998259,41.694772169741725,46,Danielle-Cente,M,100,A,"1500 N COLLEGE ST, SOUTH BEND, 46628",R,0,StreetAddress,1500 N College St. ,South Bend,,IN,2017-04-17T05:00:00.000Z,1500 N College St. ,South Bend,IN,No,2017
-86.276541057998259,41.694772169741725,47,Danielle-Cente,M,100,A,"1500 N COLLEGE ST, SOUTH BEND, 46628",R,0,StreetAddress,1500 N College St. ,South Bend,,IN,2017-04-17T05:00:00.000Z,1500 N College St. ,South Bend,IN,No,2017
-86.245976357066127,41.687043934742888,48,Danielle-Cente,M,89.04,A,"400 E CORBY BLVD, SOUTH BEND, 46617",R,0,StreetAddress,400 E Corby St. ,South Bend,,IN,2015-07-28T05:00:00.000Z,400 E Corby St. ,South Bend,IN,Yes,2015
-86.300175916249998,41.689848607856668,49,Danielle-Cente,T,88.59,A,"3620 CURTISS DR, SOUTH BEND, 46628",L,0,StreetAddress,3700 N Curtiss Dr. ,South Bend,,IN,2017-07-08T05:00:00.000Z,3700 N Curtiss Dr. ,South Bend,IN,No,2017
-86.237845850065455,41.656044005684983,50,Danielle-Cente,M,100,A,"900 E DAYTON ST, SOUTH BEND, 46613",R,0,StreetAddress,900 E Dayton St. ,South Bend,,IN,2017-06-07T05:00:00.000Z,900 E Dayton St. ,South Bend,IN,No,2017
-86.26990044869612,41.687781141360944,51,Danielle-Cente,M,100,A,"1000 N DIAMOND AV, SOUTH BEND, 46628",R,0,StreetAddress,1000 N Diamond Ave. ,South Bend,,IN,2016-04-23T05:00:00.000Z,1000 N Diamond Ave. ,South Bend,IN,No,2016
-86.269207400140829,41.690896718874946,52,Danielle-Cente,T,100,A,"1200 N DIAMOND AV, SOUTH BEND, 46628",R,0,StreetAddress,1200 N Diamond Ave. ,South Bend,,IN,2017-02-09T05:00:00.000Z,1200 N Diamond Ave. ,South Bend,IN,No,2017
-86.269890285248295,41.687396122006241,53,Danielle-Cente,M,100,A,"900 N DIAMOND AV, SOUTH BEND, 46628",R,0,StreetAddress,900 N Diamond Ave. ,South Bend,,IN,2016-07-03T05:00:00.000Z,900 N Diamond Ave. ,South Bend,IN,No,2016
-86.26717702651888,41.65222902955076,54,Danielle-Cente,M,90.87,A,"1200 W DONALD ST, SOUTH BEND, 46613",L,0,StreetAddress,1200 E Donald St. ,South Bend,,IN,2017-04-15T05:00:00.000Z,1200 E Donald St. ,South Bend,IN,No,2017
-86.246060210622332,41.652573531298593,55,Danielle-Cente,M,100,A,"300 E DONALD ST, SOUTH BEND, 46613",L,0,StreetAddress,300 E Donald St. ,South Bend,,IN,2017-12-01T05:00:00.000Z,300 E Donald St. ,South Bend,IN,No,2017
-86.246060210622332,41.652573531298593,56,Danielle-Cente,M,100,A,"300 E DONALD ST, SOUTH BEND, 46613",L,0,StreetAddress,300 E Donald St. ,South Bend,,IN,2016-07-24T05:00:00.000Z,300 E Donald St. ,South Bend,IN,No,2016
-86.247909635713839,41.65685556174671,57,Danielle-Cente,T,86.3,A,"202 E DUBAIL AV, SOUTH BEND, 46613",L,0,StreetAddress,200 E Dubail St. ,South Bend,,IN,2015-11-09T05:00:00.000Z,200 E Dubail St. ,South Bend,IN,No,2015
-86.261065684694401,41.65638366538851,58,Danielle-Cente,M,89.04,A,"800 W DUBAIL AV, SOUTH BEND, 46613",L,0,StreetAddress,800 W Dubail St. ,South Bend,,IN,2017-08-29T05:00:00.000Z,800 W Dubail St. ,South Bend,IN,No,2017
-86.27170146525809,41.666697608334253,59,Danielle-Cente,M,100,A,"1500 W DUNHAM ST, SOUTH BEND, 46619",L,0,StreetAddress,1500 W Dunham St. ,South Bend,,IN,2017-05-02T05:00:00.000Z,1500 W Dunham St. ,South Bend,IN,No,2017
-86.249650683251431,41.646199970145197,60,Danielle-Cente,M,100,A,"100 E ECKMAN ST, SOUTH BEND, 46614",R,0,StreetAddress,100 E Eckman St. ,South Bend,,IN,2015-05-19T05:00:00.000Z,100 E Eckman St. ,South Bend,IN,No,2015
-86.245175581197856,41.646313384175528,61,Danielle-Cente,M,100,A,"400 E ECKMAN ST, SOUTH BEND, 46614",R,0,StreetAddress,400 E Eckman St. ,South Bend,,IN,2017-06-15T05:00:00.000Z,400 E Eckman St. ,South Bend,IN,No,2017
-86.235492384354956,41.691220213718132,62,Danielle-Cente,M,100,A,"1231 N EDDY ST, SOUTH BEND, 46617",L,0,StreetAddress,400 N Eddy St. ,South Bend,,IN,2015-01-01T05:00:00.000Z,400 N Eddy St. ,South Bend,IN,No,2015
-86.282573418199519,41.692709902891323,63,Danielle-Cente,M,100,A,"1300 N ELMER ST, SOUTH BEND, 46628",R,0,StreetAddress,1300 N Elmer St. ,South Bend,,IN,2016-12-02T05:00:00.000Z,1300 N Elmer St. ,South Bend,IN,No,2016
-86.282652396493617,41.697440666337947,64,Danielle-Cente,M,79,A,"1701 N ELMER ST, SOUTH BEND, 46628",L,0,StreetAddress,1700 N Elmer St. ,South Bend,,IN,2016-08-01T05:00:00.000Z,1700 N Elmer St. ,South Bend,IN,No,2016
-86.276525069737701,41.693875869882838,65,Danielle-Cente,M,100,A,"1800 W ELWOOD AV, SOUTH BEND, 46628",L,0,StreetAddress,1800 W Elwood Ave. ,South Bend,,IN,2015-02-26T05:00:00.000Z,1800 W Elwood Ave. ,South Bend,IN,No,2015
-86.280149617357665,41.693847442223223,66,Danielle-Cente,M,89.04,A,"2100 W ELWOOD AV, SOUTH BEND, 46628",L,0,StreetAddress,2100 W Elwood St. ,South Bend,,IN,2016-07-08T05:00:00.000Z,2100 W Elwood St. ,South Bend,IN,No,2016
-86.282591674426072,41.693823719523522,67,Danielle-Cente,M,100,A,"2300 W ELWOOD AV, SOUTH BEND, 46628",L,0,StreetAddress,2300 W Elwood Ave. ,South Bend,,IN,2016-10-16T05:00:00.000Z,2300 W Elwood Ave. ,South Bend,IN,No,2016
-86.282591674426072,41.693823719523522,68,Danielle-Cente,M,100,A,"2300 W ELWOOD AV, SOUTH BEND, 46628",L,0,StreetAddress,2300 W Elwood Ave. ,South Bend,,IN,2016-10-16T05:00:00.000Z,2300 W Elwood Ave. ,South Bend,IN,No,2016
-86.247845302810759,41.650705503095828,69,Danielle-Cente,M,100,A,"200 E EWING AV, SOUTH BEND, 46614",L,0,StreetAddress,200 E Ewing Ave. ,South Bend,,IN,2017-01-01T05:00:00.000Z,200 E Ewing Ave. ,South Bend,IN,No,2017
-86.247820425425573,41.647937578367262,70,Danielle-Cente,M,89.04,A,"200 E FAIRVIEW AV, SOUTH BEND, 46614",L,0,StreetAddress,200 E Fairview St. ,South Bend,,IN,2015-04-17T05:00:00.000Z,200 E Fairview St. ,South Bend,IN,No,2015
-86.297207980049336,41.670135080876484,71,Danielle-Cente,M,79,A,"501 S FALCON ST, SOUTH BEND, 46619",L,0,StreetAddress,500 S Falcon St. ,South Bend,,IN,2015-04-19T05:00:00.000Z,500 S Falcon St. ,South Bend,IN,No,2015
-86.271868549739949,41.682194451513006,72,Danielle-Cente,M,89.04,A,"1400 W FASSNACHT ST, SOUTH BEND, 46628",L,0,StreetAddress,1400 W Fassnacht Ave. ,South Bend,,IN,2016-06-24T05:00:00.000Z,1400 W Fassnacht Ave. ,South Bend,IN,Yes,2016
-86.273874151273574,41.682171265529341,73,Danielle-Cente,M,89.04,A,"1600 W FASSNACHT ST, SOUTH BEND, 46628",L,0,StreetAddress,1600 W Fassnacht Ave. ,South Bend,,IN,2017-05-29T05:00:00.000Z,1600 W Fassnacht Ave. ,South Bend,IN,No,2017
-86.286387783812017,41.718301563178443,74,Danielle-Cente,T,100,A,"2502 W FLINT CT, SOUTH BEND, 46628",L,0,StreetAddress,2400 W Flint Ct. ,South Bend,,IN,2016-04-10T05:00:00.000Z,2400 W Flint Ct. ,South Bend,IN,Yes,2016
-86.319502451863457,41.66583933100793,75,Danielle-Cente,T,100,A,"5139 W FORD ST, SOUTH BEND, 46619",L,0,StreetAddress,1500 W Ford St. ,South Bend,,IN,2015-08-01T05:00:00.000Z,1500 W Ford St. ,South Bend,IN,No,2015
-86.236913978655352,41.680586565948779,76,Danielle-Cente,M,100,A,"400 N FRANCES ST, SOUTH BEND, 46617",R,0,StreetAddress,400 N Frances St. ,South Bend,,IN,2016-06-28T05:00:00.000Z,400 N Frances St. ,South Bend,IN,No,2016
-86.254514857889816,41.651568977873445,77,Danielle-Cente,M,100,A,"2200 S FRANKLIN ST, SOUTH BEND, 46613",L,0,StreetAddress,2200 S Franklin St. ,South Bend,,IN,2015-07-11T05:00:00.000Z,2200 S Franklin St. ,South Bend,IN,Yes,2015
-86.292279189218462,41.685518997079697,78,Danielle-Cente,T,88.59,A,"FREDERICKSON ST, SOUTH BEND, 46628",L,0,StreetAddress,2000 W Frederickson St. ,South Bend,,IN,2017-06-01T05:00:00.000Z,2000 W Frederickson St. ,South Bend,IN,No,2017
-86.292279189218462,41.685518997079697,79,Danielle-Cente,T,88.59,A,"FREDERICKSON ST, SOUTH BEND, 46628",L,0,StreetAddress,2100 W Frederickson St. ,South Bend,,IN,2017-08-02T05:00:00.000Z,2100 W Frederickson St. ,South Bend,IN,Yes,2017
-86.292279189218462,41.685518997079697,80,Danielle-Cente,T,88.59,A,"FREDERICKSON ST, SOUTH BEND, 46628",L,0,StreetAddress,2100 W Frederickson St. ,South Bend,,IN,2017-08-02T05:00:00.000Z,2100 W Frederickson St. ,South Bend,IN,Yes,2017
-86.292279189218462,41.685518997079697,81,Danielle-Cente,T,88.59,A,"FREDERICKSON ST, SOUTH BEND, 46628",L,0,StreetAddress,2100 W Frederickson St. ,South Bend,,IN,2017-08-02T05:00:00.000Z,2100 W Frederickson St. ,South Bend,IN,No,2017
-86.292279189218462,41.685518997079697,82,Danielle-Cente,T,88.59,A,"FREDERICKSON ST, SOUTH BEND, 46628",L,0,StreetAddress,2100 W Frederickson St. ,South Bend,,IN,2017-08-02T05:00:00.000Z,2100 W Frederickson St. ,South Bend,IN,No,2017
-86.292279189218462,41.685518997079697,83,Danielle-Cente,T,88.59,A,"FREDERICKSON ST, SOUTH BEND, 46628",L,0,StreetAddress,2400 W Frederickson St. ,South Bend,,IN,2015-06-09T05:00:00.000Z,2400 W Frederickson St. ,South Bend,IN,Yes,2015
-86.285034388215763,41.701425576717803,84,Danielle-Cente,M,100,A,"1900 N FREMONT ST, SOUTH BEND, 46628",R,0,StreetAddress,1900 N Fremont St. ,South Bend,,IN,2017-09-22T05:00:00.000Z,1900 N Fremont St. ,South Bend,IN,No,2017
-86.30686856631165,41.677885760204376,85,Danielle-Cente,M,100,A,"200 N GLADSTONE ST, SOUTH BEND, 46619",R,0,StreetAddress,200 N Gladstone St. ,South Bend,,IN,2016-12-20T05:00:00.000Z,200 N Gladstone St. ,South Bend,IN,No,2016
-86.218344213155916,41.656343363060671,86,Danielle-Cente,T,100,A,"1905 E GOODSON CT, SOUTH BEND, 46613",R,0,StreetAddress,1900 E Goodson Ct. ,South Bend,,IN,2015-12-06T05:00:00.000Z,1900 E Goodson Ct. ,South Bend,IN,No,2015
-86.218344213155916,41.656343363060671,87,Danielle-Cente,T,100,A,"1905 E GOODSON CT, SOUTH BEND, 46613",R,0,StreetAddress,1900 E Goodson Ct. ,South Bend,,IN,2015-12-06T05:00:00.000Z,1900 E Goodson Ct. ,South Bend,IN,No,2015
-86.271952191486122,41.67021250130324,88,Danielle-Cente,M,100,A,"500 S HARRIS ST, SOUTH BEND, 46619",L,0,StreetAddress,500 S Harris St. ,South Bend,,IN,2016-11-10T05:00:00.000Z,500 S Harris St. ,South Bend,IN,No,2016
-86.239196220301537,41.640840476997113,89,Danielle-Cente,M,100,A,"3300 S HIGH ST, SOUTH BEND, 46614",L,0,StreetAddress,3300 S High St. ,South Bend,,IN,2015-12-24T05:00:00.000Z,3300 S High St. ,South Bend,IN,Yes,2015
-86.239196220301537,41.640840476997113,90,Danielle-Cente,M,100,A,"3300 S HIGH ST, SOUTH BEND, 46614",L,0,StreetAddress,3300 S High St. ,South Bend,,IN,2016-10-16T05:00:00.000Z,3300 S High St. ,South Bend,IN,No,2016
-86.239362405775879,41.638739952475738,91,Danielle-Cente,M,100,A,"3500 S HIGH ST, SOUTH BEND, 46614",L,0,StreetAddress,3500 S High St. ,South Bend,,IN,2017-01-26T05:00:00.000Z,3500 S High St. ,South Bend,IN,Yes,2017
-86.222194954711185,41.646601650680282,92,Danielle-Cente,M,100,A,"2700 S HILLTOP DR, SOUTH BEND, 46614",L,0,StreetAddress,2700 S Hilltop Dr. ,South Bend,,IN,2015-01-11T05:00:00.000Z,2700 S Hilltop Dr. ,South Bend,IN,No,2015
-86.222140050727276,41.645245913774133,93,Danielle-Cente,M,98.4,A,"2900 S HILLTOP DR, SOUTH BEND, 46614",L,0,StreetAddress,2900 S Hiltop Dr. ,South Bend,,IN,2015-09-22T05:00:00.000Z,2900 S Hiltop Dr. ,South Bend,IN,No,2015
-86.281282599159326,41.689222651591187,94,Danielle-Cente,M,100,A,"1100 N HUEY ST, SOUTH BEND, 46628",R,0,StreetAddress,1100 N Huey St. ,South Bend,,IN,2017-07-06T05:00:00.000Z,1100 N Huey St. ,South Bend,IN,No,2017
-86.281282599159326,41.689222651591187,95,Danielle-Cente,M,100,A,"1100 N HUEY ST, SOUTH BEND, 46628",R,0,StreetAddress,1100 N Huey St. ,South Bend,,IN,2015-06-17T05:00:00.000Z,1100 N Huey St. ,South Bend,IN,No,2015
-86.281282599159326,41.689222651591187,96,Danielle-Cente,M,100,A,"1100 N HUEY ST, SOUTH BEND, 46628",R,0,StreetAddress,1100 N Huey St. ,South Bend,,IN,2016-04-15T05:00:00.000Z,1100 N Huey St. ,South Bend,IN,No,2016
-86.281397577273779,41.695674939340101,97,Danielle-Cente,M,100,A,"1600 N HUEY ST, SOUTH BEND, 46628",R,0,StreetAddress,1600 N Huey St. ,South Bend,,IN,2015-03-03T05:00:00.000Z,1600 N Huey St. ,South Bend,IN,No,2015
-86.281397577273779,41.695674939340101,98,Danielle-Cente,M,100,A,"1600 N HUEY ST, SOUTH BEND, 46628",R,0,StreetAddress,1600 N Huey St. ,South Bend,,IN,2015-05-28T05:00:00.000Z,1600 N Huey St. ,South Bend,IN,No,2015
-86.281580060465714,41.704621533893004,99,Danielle-Cente,T,100,A,"2101 N HUEY ST, SOUTH BEND, 46628",L,0,StreetAddress,800 N Huey St. ,South Bend,,IN,2017-11-26T05:00:00.000Z,800 N Huey St. ,South Bend,IN,No,2017
-86.275258187613545,41.690830006224417,100,Danielle-Cente,M,85.8,A,"1700 W HUMBOLDT ST, SOUTH BEND, 46628",L,0,StreetAddress,1700 W Humbolt St. ,South Bend,,IN,2016-10-20T05:00:00.000Z,1700 W Humbolt St. ,South Bend,IN,No,2016
-86.300960045367574,41.675543900309108,101,Danielle-Cente,M,100,A,"117 N ILLINOIS ST, SOUTH BEND, 46619",L,0,StreetAddress,100 N Illinois St. ,South Bend,,IN,2015-07-21T05:00:00.000Z,100 N Illinois St. ,South Bend,IN,No,2015
-86.300960045367574,41.675543900309108,102,Danielle-Cente,M,100,A,"117 N ILLINOIS ST, SOUTH BEND, 46619",L,0,StreetAddress,100 N Illinois St. ,South Bend,,IN,2015-12-23T05:00:00.000Z,100 N Illinois St. ,South Bend,IN,No,2015
-86.249914426618915,41.657926022178877,103,Danielle-Cente,M,90.87,A,"100 E INDIANA AV, SOUTH BEND, 46613",R,0,StreetAddress,100 W Indiana Ave. ,South Bend,,IN,2017-03-30T05:00:00.000Z,100 W Indiana Ave. ,South Bend,IN,No,2017
-86.26366090337855,41.657605653035766,104,Danielle-Cente,M,100,A,"1000 W INDIANA AV, SOUTH BEND, 46613",L,0,StreetAddress,1000 W Indiana Ave. ,South Bend,,IN,2017-11-25T05:00:00.000Z,1000 W Indiana Ave. ,South Bend,IN,No,2017
-86.26366090337855,41.657605653035766,105,Danielle-Cente,M,100,A,"1000 W INDIANA AV, SOUTH BEND, 46613",L,0,StreetAddress,1000 W Indiana Ave. ,South Bend,,IN,2017-11-25T05:00:00.000Z,1000 W Indiana Ave. ,South Bend,IN,Yes,2017
-86.26366090337855,41.657605653035766,106,Danielle-Cente,M,100,A,"1000 W INDIANA AV, SOUTH BEND, 46613",L,0,StreetAddress,1000 W Indiana Ave. ,South Bend,,IN,2015-07-29T05:00:00.000Z,1000 W Indiana Ave. ,South Bend,IN,No,2015
-86.234980796479178,41.658586887432762,107,Danielle-Cente,M,100,A,"1100 E INDIANA AV, SOUTH BEND, 46613",R,0,StreetAddress,1100 E Indiana Ave. ,South Bend,,IN,2017-06-05T05:00:00.000Z,1100 E Indiana Ave. ,South Bend,IN,No,2017
-86.240995641820618,41.658144028157125,108,Danielle-Cente,M,100,A,"700 E INDIANA AV, SOUTH BEND, 46613",R,0,StreetAddress,700 E Indiana Ave. ,South Bend,,IN,2016-12-05T05:00:00.000Z,700 E Indiana Ave. ,South Bend,IN,No,2016
-86.216500133886456,41.698135192291247,109,Danielle-Cente,M,100,A,"1700 N IRONWOOD DR, SOUTH BEND, 46635",R,0,StreetAddress,1700 N Ironwood Dr. ,South Bend,,IN,2017-08-19T05:00:00.000Z,1700 N Ironwood Dr. ,South Bend,IN,No,2017
-86.299717474537047,41.674039495363957,110,Danielle-Cente,M,79,A,"3701 W JEFFERSON BLVD, SOUTH BEND, 46619",R,0,StreetAddress,3700 W Jefferson Blvd. ,South Bend,,IN,2017-04-28T05:00:00.000Z,3700 W Jefferson Blvd. ,South Bend,IN,No,2017
-86.299717474537047,41.674039495363957,111,Danielle-Cente,M,79,A,"3701 W JEFFERSON BLVD, SOUTH BEND, 46619",R,0,StreetAddress,3700 W Jefferson Blvd. ,South Bend,,IN,2017-09-26T05:00:00.000Z,3700 W Jefferson Blvd. ,South Bend,IN,No,2017
-86.272610112711376,41.674925247539456,112,Danielle-Cente,T,100,A,"1420 W JEFFERSON BLVD, SOUTH BEND, 46601",L,0,StreetAddress,3800 W Jefferson Blvd. ,South Bend,,IN,2017-07-23T05:00:00.000Z,3800 W Jefferson Blvd. ,South Bend,IN,No,2017
-86.278906723307045,41.690792898639579,113,Danielle-Cente,M,79,A,"1201 N JOHNSON ST, SOUTH BEND, 46628",L,0,StreetAddress,1200 N Johnson St. ,South Bend,,IN,2015-03-30T05:00:00.000Z,1200 N Johnson St. ,South Bend,IN,No,2015
-86.278999883765721,41.695702443983144,114,Danielle-Cente,M,100,A,"1600 N JOHNSON ST, SOUTH BEND, 46628",R,0,StreetAddress,1600 N Johnson St. ,South Bend,,IN,2017-10-11T05:00:00.000Z,1600 N Johnson St. ,South Bend,IN,No,2017
-86.278906723307045,41.690792898639579,115,Danielle-Cente,T,100,A,"1201 N JOHNSON ST, SOUTH BEND, 46628",L,0,StreetAddress,300 N Johnson St. ,South Bend,,IN,2016-05-17T05:00:00.000Z,300 N Johnson St. ,South Bend,IN,No,2016
-86.272286127847707,41.697587297142839,116,Danielle-Cente,M,100,A,"1500 W KELLER ST, SOUTH BEND, 46628",L,0,StreetAddress,1500 W Keller St. ,South Bend,,IN,2017-09-23T05:00:00.000Z,1500 W Keller St. ,South Bend,IN,No,2017
-86.259889632005283,41.651431879789079,117,Danielle-Cente,M,100,A,"2200 S KENDALL ST, SOUTH BEND, 0",L,0,StreetAddress,2200 S Kendall St. ,South Bend,,IN,2017-05-18T05:00:00.000Z,2200 S Kendall St. ,South Bend,IN,No,2017
-86.259889632005283,41.651431879789079,118,Danielle-Cente,M,100,A,"2200 S KENDALL ST, SOUTH BEND, 0",L,0,StreetAddress,2200 S Kendall St. ,South Bend,,IN,2017-05-18T05:00:00.000Z,2200 S Kendall St. ,South Bend,IN,Yes,2017
-86.293665810485876,41.675596232512675,119,Danielle-Cente,M,100,A,"100 S KENTUCKY ST, SOUTH BEND, 46619",L,0,StreetAddress,100 S Kentucky St. ,South Bend,,IN,2017-03-02T05:00:00.000Z,100 S Kentucky St. ,South Bend,IN,No,2017
-86.2936003982866,41.671983537920077,120,Danielle-Cente,M,100,A,"400 S KENTUCKY ST, SOUTH BEND, 46619",L,0,StreetAddress,400 S Kentucky St. ,South Bend,,IN,2015-11-15T05:00:00.000Z,400 S Kentucky St. ,South Bend,IN,No,2015
-86.284966318864562,41.680666736967893,121,Danielle-Cente,M,90.87,A,"2500 KENWOOD AV, SOUTH BEND, 46628",L,0,StreetAddress,2500 W Kenwood Ave. ,South Bend,,IN,2016-05-21T05:00:00.000Z,2500 W Kenwood Ave. ,South Bend,IN,No,2016
-86.27047522353601,41.697118365024082,122,Danielle-Cente,M,100,A,"1300 W KINYON ST, SOUTH BEND, 46616",L,0,StreetAddress,1300 W Kinyon St. ,South Bend,,IN,2015-08-27T05:00:00.000Z,1300 W Kinyon St. ,South Bend,IN,No,2015
-86.27047522353601,41.697118365024082,123,Danielle-Cente,M,100,A,"1300 W KINYON ST, SOUTH BEND, 46616",L,0,StreetAddress,1300 W Kinyon St. ,South Bend,,IN,2015-09-05T05:00:00.000Z,1300 W Kinyon St. ,South Bend,IN,No,2015
-86.274095448643607,41.666667007662994,124,Danielle-Cente,M,100,A,"800 S KOSCIUSZKO ST, SOUTH BEND, 46619",L,0,StreetAddress,800 S Kosciuszko St. ,South Bend,,IN,2016-09-14T05:00:00.000Z,800 S Kosciuszko St. ,South Bend,IN,No,2016
-86.253634211975708,41.679070045234269,125,Danielle-Cente,M,100,A,"300 N LAFAYETTE BLVD, SOUTH BEND, 46601",R,0,StreetAddress,300 N Lafayette Blvd. ,South Bend,,IN,2015-08-01T05:00:00.000Z,300 N Lafayette Blvd. ,South Bend,IN,Yes,2015
-86.253634211975708,41.679070045234269,126,Danielle-Cente,M,100,A,"300 N LAFAYETTE BLVD, SOUTH BEND, 46601",R,0,StreetAddress,300 N Lafayette Blvd. ,South Bend,,IN,2015-08-01T05:00:00.000Z,300 N Lafayette Blvd. ,South Bend,IN,No,2015
-86.253664453211712,41.680417263066573,127,Danielle-Cente,M,89.04,A,"400 N LAFAYETTE BLVD, SOUTH BEND, 46601",R,0,StreetAddress,400 N Lafayette St. ,South Bend,,IN,2015-12-12T05:00:00.000Z,400 N Lafayette St. ,South Bend,IN,No,2015
-86.296070458782737,41.674066906898503,128,Danielle-Cente,T,100,A,"141 S LAKE ST, SOUTH BEND, 46619",L,0,StreetAddress,200 S Lake St. ,South Bend,,IN,2015-04-24T05:00:00.000Z,200 S Lake St. ,South Bend,IN,No,2015
-86.271932334149611,41.683229565098586,129,Danielle-Cente,T,86.3,A,"673 N LAWNDALE AV, SOUTH BEND, 46628",L,0,StreetAddress,1000 N Lawndale St. ,South Bend,,IN,2016-08-27T05:00:00.000Z,1000 N Lawndale St. ,South Bend,IN,Yes,2016
-86.238244501542198,41.659776595682104,130,Danielle-Cente,M,100,A,"1500 S LEBANON ST, SOUTH BEND, 46613",L,0,StreetAddress,1500 S Lebanon St. ,South Bend,,IN,2017-09-23T05:00:00.000Z,1500 S Lebanon St. ,South Bend,IN,Yes,2017
-86.238244501542198,41.659776595682104,131,Danielle-Cente,M,100,A,"1500 S LEBANON ST, SOUTH BEND, 46613",L,0,StreetAddress,1500 S Lebanon St. ,South Bend,,IN,2017-09-23T05:00:00.000Z,1500 S Lebanon St. ,South Bend,IN,No,2017
-86.290115728010306,41.674111670142096,132,Danielle-Cente,T,100,A,"141 S LIBERTY ST, SOUTH BEND, 46619",L,0,StreetAddress,700 S Liberty St. ,South Bend,,IN,2015-01-29T05:00:00.000Z,700 S Liberty St. ,South Bend,IN,No,2015
-86.33500464874993,41.70398761869464,133,Danielle-Cente,T,100,A,"LINCOLN WAY W, SOUTH BEND, 46628",L,0,StreetAddress,1100 Lincoln Way West ,South Bend,,IN,2015-04-27T05:00:00.000Z,1100 Lincoln Way West ,South Bend,IN,No,2015
-86.261588066077621,41.742649797923271,134,Danielle-Cente,M,100,A,"724 N LINDENWOOD DR, SOUTH BEND, 46637",L,0,StreetAddress,800 N Lindenwood Dr. ,South Bend,,IN,2017-02-10T05:00:00.000Z,800 N Lindenwood Dr. ,South Bend,IN,No,2017
-86.26242459607181,41.683920187558059,135,Danielle-Cente,M,89.04,A,"900 W LINDSEY AV, SOUTH BEND, 46616",L,0,StreetAddress,900 W Lindsey St. ,South Bend,,IN,2017-02-04T05:00:00.000Z,900 W Lindsey St. ,South Bend,IN,No,2017
-86.196449620973581,41.660597111969658,136,Danielle-Cente,T,100,A,"S LOGAN ST, SOUTH BEND, 46615",L,0,StreetAddress,100 S Logan St. ,South Bend,,IN,2017-04-30T05:00:00.000Z,100 S Logan St. ,South Bend,IN,Yes,2017
-86.196449620973581,41.660597111969658,137,Danielle-Cente,T,100,A,"S LOGAN ST, SOUTH BEND, 46615",L,0,StreetAddress,100 S Logan St. ,South Bend,,IN,2017-04-30T05:00:00.000Z,100 S Logan St. ,South Bend,IN,No,2017
-86.247143815932333,41.634847925726156,138,Danielle-Cente,M,100,A,"300 E LUELDE ST, SOUTH BEND, 46614",R,0,StreetAddress,300 E Luelde St. ,South Bend,,IN,2015-06-20T05:00:00.000Z,300 E Luelde St. ,South Bend,IN,No,2015
-86.235266595298015,41.680601575418841,139,Danielle-Cente,M,79,A,"1101 E MADISON ST, SOUTH BEND, 46617",R,0,StreetAddress,1100 E Madison St. ,South Bend,,IN,2017-09-18T05:00:00.000Z,1100 E Madison St. ,South Bend,IN,No,2017
-86.235266595298015,41.680601575418841,140,Danielle-Cente,M,79,A,"1101 E MADISON ST, SOUTH BEND, 46617",R,0,StreetAddress,1100 E Madison St. ,South Bend,,IN,2017-09-18T05:00:00.000Z,1100 E Madison St. ,South Bend,IN,No,2017
-86.233032821629649,41.680596533261607,141,Danielle-Cente,M,79,A,"1201 E MADISON ST, SOUTH BEND, 46617",R,0,StreetAddress,1200 E Madison St. ,South Bend,,IN,2017-02-16T05:00:00.000Z,1200 E Madison St. ,South Bend,IN,No,2017
-86.251526938891402,41.639746132123939,142,Danielle-Cente,T,100,A,"3401 S MAIN ST, SOUTH BEND, 46614",L,0,StreetAddress,1100 S Main St. ,South Bend,,IN,2016-12-03T05:00:00.000Z,1100 S Main St. ,South Bend,IN,Yes,2016
-86.204834998554816,41.681117494288429,143,Danielle-Cente,T,100,A,"339 N MANCHESTER DR, SOUTH BEND, 46615",L,0,StreetAddress,300 N Manchester Dr. ,South Bend,,IN,2015-05-17T05:00:00.000Z,300 N Manchester Dr. ,South Bend,IN,Yes,2015
-86.241114842268743,41.662362424778145,144,Danielle-Cente,T,100,A,"S MARIETTA ST, SOUTH BEND, 46601",L,0,StreetAddress,1400 S Marietta St. ,South Bend,,IN,2015-08-24T05:00:00.000Z,1400 S Marietta St. ,South Bend,IN,No,2015
-86.232056668970117,41.658585070076221,145,Danielle-Cente,M,100,A,"1600 S MARINE ST, SOUTH BEND, 46613",L,0,StreetAddress,1600 S Marine St. ,South Bend,,IN,2017-11-24T05:00:00.000Z,1600 S Marine St. ,South Bend,IN,No,2017
-86.286121598257395,41.692403673616873,146,Danielle-Cente,M,100,A,"1300 N MEADE ST, SOUTH BEND, 46628",R,0,StreetAddress,1300 N Meade St. ,South Bend,,IN,2015-05-08T05:00:00.000Z,1300 N Meade St. ,South Bend,IN,No,2015
-86.28652501312726,41.686465971779079,147,Danielle-Cente,M,100,A,"900 N MEADE ST, SOUTH BEND, 46628",R,0,StreetAddress,900 N Meade St. ,South Bend,,IN,2015-07-19T05:00:00.000Z,900 N Meade St. ,South Bend,IN,No,2015
-86.308347193731251,41.661759764264573,148,Danielle-Cente,M,100,A,"4400 W MEADOW LN, SOUTH BEND, 46619",L,0,StreetAddress,4400 W Meadow Ln. ,South Bend,,IN,2016-10-06T05:00:00.000Z,4400 W Meadow Ln. ,South Bend,IN,Yes,2016
-86.24989102462466,41.656802127247225,149,Danielle-Cente,M,79,A,"1601 S MICHIGAN ST, SOUTH BEND, 46613",L,0,StreetAddress,1600 S Michigan St. ,South Bend,,IN,2015-09-20T05:00:00.000Z,1600 S Michigan St. ,South Bend,IN,No,2015
-86.249815183129684,41.654305921813098,150,Danielle-Cente,M,79,A,"2001 S MICHIGAN ST, SOUTH BEND, 46613",L,0,StreetAddress,2000 S Michigan St. ,South Bend,,IN,2015-01-25T05:00:00.000Z,2000 S Michigan St. ,South Bend,IN,No,2015
-86.249815183129684,41.654305921813098,151,Danielle-Cente,M,79,A,"2001 S MICHIGAN ST, SOUTH BEND, 46613",L,0,StreetAddress,2000 S Michigan St. ,South Bend,,IN,2016-08-07T05:00:00.000Z,2000 S Michigan St. ,South Bend,IN,No,2016
-86.249754789681916,41.652699236100602,152,Danielle-Cente,T,79,A,"2101 S MICHIGAN ST, SOUTH BEND, 46613",L,0,StreetAddress,2100 S Michigan St. ,South Bend,,IN,2016-07-13T05:00:00.000Z,2100 S Michigan St. ,South Bend,IN,No,2016
-86.249754789681916,41.652699236100602,153,Danielle-Cente,T,79,A,"2101 S MICHIGAN ST, SOUTH BEND, 46613",L,0,StreetAddress,2100 S Michigan St. ,South Bend,,IN,2016-07-26T05:00:00.000Z,2100 S Michigan St. ,South Bend,IN,No,2016
-86.249756891463434,41.652957844139102,154,Danielle-Cente,T,79,A,"2201 S MICHIGAN ST, SOUTH BEND, 46613",L,0,StreetAddress,2200 S Michigan St. ,South Bend,,IN,2017-06-15T05:00:00.000Z,2200 S Michigan St. ,South Bend,IN,No,2017
-86.250074156704144,41.638262413004135,155,Danielle-Cente,T,100,A,"3507 S MICHIGAN ST, SOUTH BEND, 46614",L,0,StreetAddress,2600 S Michigan St. ,South Bend,,IN,2017-03-16T05:00:00.000Z,2600 S Michigan St. ,South Bend,IN,No,2017
-86.24965261449158,41.646414197478109,156,Danielle-Cente,M,79,A,"2701 S MICHIGAN ST, SOUTH BEND, 46614",L,0,StreetAddress,2700 S Michigan St. ,South Bend,,IN,2017-05-23T05:00:00.000Z,2700 S Michigan St. ,South Bend,IN,No,2017
-86.250074156704144,41.638262413004135,157,Danielle-Cente,T,100,A,"3507 S MICHIGAN ST, SOUTH BEND, 46614",L,0,StreetAddress,3000 S Michigan St. ,South Bend,,IN,2017-03-12T05:00:00.000Z,3000 S Michigan St. ,South Bend,IN,Yes,2017
-86.249837257686096,41.640705938710731,158,Danielle-Cente,M,79,A,"3201 S MICHIGAN ST, SOUTH BEND, 46614",L,0,StreetAddress,3200 S Michigan St. ,South Bend,,IN,2017-01-11T05:00:00.000Z,3200 S Michigan St. ,South Bend,IN,No,2017
-86.247879690339474,41.654850742348238,159,Danielle-Cente,T,100,A,"136 E MILTON ST, SOUTH BEND, 46613",L,0,StreetAddress,200 E Milton St. ,South Bend,,IN,2016-06-08T05:00:00.000Z,200 E Milton St. ,South Bend,IN,No,2016
-86.228218367183231,41.665857720753145,160,Danielle-Cente,M,100,A,"1400 E MISHAWAKA AV, SOUTH BEND, 46615",R,0,StreetAddress,1400 E Mishawaka Ave. ,South Bend,,IN,2017-03-10T05:00:00.000Z,1400 E Mishawaka Ave. ,South Bend,IN,No,2017
-86.211626525662368,41.665725080300533,161,Danielle-Cente,M,100,A,"2500 E MISHAWAKA AV, SOUTH BEND, 46615",R,0,StreetAddress,2500 E Mishawaka Ave. ,South Bend,,IN,2017-03-10T05:00:00.000Z,2500 E Mishawaka Ave. ,South Bend,IN,No,2017
-86.257111048932956,41.671257358345123,162,Danielle-Cente,M,89.04,A,"600 W MONROE CIR, SOUTH BEND, 46601",L,0,StreetAddress,600 W Monroe St. ,South Bend,,IN,2017-10-30T05:00:00.000Z,600 W Monroe St. ,South Bend,IN,No,2017
-86.264390390491513,41.680003277096162,163,Danielle-Cente,M,79,A,"1001 W OAK ST, SOUTH BEND, 46616",R,0,StreetAddress,1000 W Oak St. ,South Bend,,IN,2017-11-18T05:00:00.000Z,1000 W Oak St. ,South Bend,IN,No,2017
-86.280029256112059,41.687212675453303,164,Danielle-Cente,M,100,A,"1000 N O'BRIEN ST, SOUTH BEND, 46628",R,0,StreetAddress,1000 N O'Brien St. ,South Bend,,IN,2016-04-11T05:00:00.000Z,1000 N O'Brien St. ,South Bend,IN,No,2016
-86.280085774366512,41.690784082205411,165,Danielle-Cente,M,79,A,"1201 N O'BRIEN ST, SOUTH BEND, 46628",L,0,StreetAddress,1200 N O'Brien St. ,South Bend,,IN,2017-07-04T05:00:00.000Z,1200 N O'Brien St. ,South Bend,IN,No,2017
-86.280125808547226,41.692660379246206,166,Danielle-Cente,M,100,A,"1300 N O'BRIEN ST, SOUTH BEND, 46628",R,0,StreetAddress,1300 N O'Brien St. ,South Bend,,IN,2017-04-06T05:00:00.000Z,1300 N O'Brien St. ,South Bend,IN,Yes,2017
-86.280205827646469,41.697472007484102,167,Danielle-Cente,M,100,A,"1700 N O'BRIEN ST, SOUTH BEND, 46628",R,0,StreetAddress,1700 N O'Brien St. ,South Bend,,IN,2015-10-24T05:00:00.000Z,1700 N O'Brien St. ,South Bend,IN,No,2015
-86.280205827646469,41.697472007484102,168,Danielle-Cente,M,100,A,"1700 N O'BRIEN ST, SOUTH BEND, 46628",R,0,StreetAddress,1700 N O'Brien St. ,South Bend,,IN,2015-10-24T05:00:00.000Z,1700 N O'Brien St. ,South Bend,IN,No,2015
-86.280051740029023,41.68923547175882,169,Danielle-Cente,M,100,A,"1100 N O'BRIEN ST, SOUTH BEND, 46628",R,0,StreetAddress,1100 N O'Brien St. ,South Bend,,IN,2016-06-25T05:00:00.000Z,1100 N O'Brien St. ,South Bend,IN,No,2016
-86.283782324146472,41.693821899709882,170,Danielle-Cente,M,100,A,"1400 N OLIVE ST, SOUTH BEND, 46628",R,0,StreetAddress,1400 N Olive St. ,South Bend,,IN,2015-03-02T05:00:00.000Z,1400 N Olive St. ,South Bend,IN,Yes,2015
-86.283758963645894,41.69191565657222,171,Danielle-Cente,T,100,A,"1301 N OLIVE ST, SOUTH BEND, 46628",L,0,StreetAddress,300 N Olive St. ,South Bend,,IN,2015-04-19T05:00:00.000Z,300 N Olive St. ,South Bend,IN,No,2015
-86.283521156265124,41.680678973056651,172,Danielle-Cente,M,100,A,"400 N OLIVE ST, SOUTH BEND, 46628",R,0,StreetAddress,400 N Olive St. ,South Bend,,IN,2015-10-15T05:00:00.000Z,400 N Olive St. ,South Bend,IN,No,2015
-86.283521156265124,41.680678973056651,173,Danielle-Cente,M,100,A,"400 N OLIVE ST, SOUTH BEND, 46628",R,0,StreetAddress,400 N Olive St. ,South Bend,,IN,2015-10-15T05:00:00.000Z,400 N Olive St. ,South Bend,IN,No,2015
-86.283521156265124,41.680678973056651,174,Danielle-Cente,M,100,A,"400 N OLIVE ST, SOUTH BEND, 46628",R,0,StreetAddress,400 N Olive St. ,South Bend,,IN,2016-07-04T05:00:00.000Z,400 N Olive St. ,South Bend,IN,No,2016
-86.234915224829663,41.653749155750127,175,Danielle-Cente,M,74.89,M,"2001 MIAMI RD, SOUTH BEND, 46613",L,0,StreetAddress,2000 S Miami St. ,South Bend,,IN,2015-07-19T05:00:00.000Z,2000 S Miami St. ,South Bend,IN,No,2015
-86.283299176901792,41.672072778806573,176,Danielle-Cente,M,100,A,"315 S OLIVE ST, SOUTH BEND, 46619",L,0,StreetAddress,800 S Olive St. ,South Bend,,IN,2015-09-06T05:00:00.000Z,800 S Olive St. ,South Bend,IN,Yes,2015
-86.283643535784037,41.686158439665029,177,Danielle-Cente,M,85.3,A,"W PRAST BLVD & N OLIVE ST, SOUTH BEND, 46628",,,StreetInt,Prast & Olive St.,South Bend,,IN,2016-10-19T05:00:00.000Z,Prast & Olive St.,South Bend,IN,No,2016
-86.205551285718329,41.688881022789261,178,Danielle-Cente,M,100,A,"1000 N PATTY LN, SOUTH BEND, 46615",R,0,StreetAddress,1000 N Patty Ln. ,South Bend,,IN,2017-08-12T05:00:00.000Z,1000 N Patty Ln. ,South Bend,IN,No,2017
-86.20625308659983,41.687538053871116,179,Danielle-Cente,M,100,A,"1001 N PATTY LN, SOUTH BEND, 46615",L,0,StreetAddress,900 N Patty Ln. ,South Bend,,IN,2016-01-15T05:00:00.000Z,900 N Patty Ln. ,South Bend,IN,No,2016
-86.20625308659983,41.687538053871116,180,Danielle-Cente,M,100,A,"1001 N PATTY LN, SOUTH BEND, 46615",L,0,StreetAddress,900 N Patty Ln. ,South Bend,,IN,2016-06-11T05:00:00.000Z,900 N Patty Ln. ,South Bend,IN,No,2016
-86.266040601322658,41.691048665075073,181,Danielle-Cente,M,100,A,"1200 N PORTAGE AV, SOUTH BEND, 46616",R,0,StreetAddress,1200 N Portage Ave. ,South Bend,,IN,2016-03-06T05:00:00.000Z,1200 N Portage Ave. ,South Bend,IN,No,2016
-86.269146007430962,41.693949003073023,182,Danielle-Cente,T,100,A,"1355 N PORTAGE AV, SOUTH BEND, 46628",L,0,StreetAddress,1400 N Portage Ave. ,South Bend,,IN,2017-06-24T05:00:00.000Z,1400 N Portage Ave. ,South Bend,IN,No,2017
-86.288264817432577,41.726036916739119,183,Danielle-Cente,M,79.91,A,"3600 PORTAGE RD, SOUTH BEND, 46628",R,0,StreetAddress,3600 N Portage Ave. ,South Bend,,IN,2015-11-10T05:00:00.000Z,3600 N Portage Ave. ,South Bend,IN,No,2015
-86.285118028595946,41.648303059187072,184,Danielle-Cente,M,100,A,"2600 W PRAIRIE AV, SOUTH BEND, 46614",L,0,StreetAddress,2600 W Prairie Ave. ,South Bend,,IN,2015-07-06T05:00:00.000Z,2600 W Prairie Ave. ,South Bend,IN,No,2015
-86.285742639468808,41.686481084387644,185,Danielle-Cente,M,89.04,A,"2500 W PRAST BLVD, SOUTH BEND, 46628",L,0,StreetAddress,2500 W Prast St. ,South Bend,,IN,2015-02-25T05:00:00.000Z,2500 W Prast St. ,South Bend,IN,Yes,2015
-86.298644838579364,41.68884112273328,186,Danielle-Cente,M,90.87,A,"3500 PUTNAM PL, SOUTH BEND, 46628",L,0,StreetAddress,3500 W Putnam Pl. ,South Bend,,IN,2016-10-17T05:00:00.000Z,3500 W Putnam Pl. ,South Bend,IN,No,2016
-86.267500593948242,41.696239297071081,187,Danielle-Cente,M,79,A,"1201 W QUEEN ST, SOUTH BEND, 46616",R,0,StreetAddress,1200 W Queen St. ,South Bend,,IN,2015-08-29T05:00:00.000Z,1200 W Queen St. ,South Bend,IN,Yes,2015
-86.280640313544794,41.682517254179658,188,Danielle-Cente,M,100,A,"2100 W ROGER ST, SOUTH BEND, 46628",L,0,StreetAddress,2100 W Roger St. ,South Bend,,IN,2016-02-28T05:00:00.000Z,2100 W Roger St. ,South Bend,IN,No,2016
-86.281112931757136,41.682514803988575,189,Danielle-Cente,M,100,A,"2200 W ROGER ST, SOUTH BEND, 46628",L,0,StreetAddress,2200 W Roger St. ,South Bend,,IN,2017-07-29T05:00:00.000Z,2200 W Roger St. ,South Bend,IN,No,2017
-86.281112931757136,41.682514803988575,190,Danielle-Cente,M,100,A,"2200 W ROGER ST, SOUTH BEND, 46628",L,0,StreetAddress,2200 W Roger St. ,South Bend,,IN,2017-07-29T05:00:00.000Z,2200 W Roger St. ,South Bend,IN,No,2017
-86.258797090539801,41.656414470161387,191,Danielle-Cente,M,100,A,"1635 S SCOTT ST, SOUTH BEND, 46613",L,0,StreetAddress,1900 S Scott St. ,South Bend,,IN,2016-07-31T05:00:00.000Z,1900 S Scott St. ,South Bend,IN,No,2016
-86.2649168479129,41.687850647748448,192,Danielle-Cente,M,89.04,A,"1000 N SHERMAN AV, SOUTH BEND, 46616",R,0,StreetAddress,1000 N Sherman St. ,South Bend,,IN,2015-11-11T05:00:00.000Z,1000 N Sherman St. ,South Bend,IN,No,2015
-86.264965215214048,41.689395415448267,193,Danielle-Cente,T,86.3,A,"1101 N SHERMAN AV, SOUTH BEND, 46616",L,0,StreetAddress,800 N Sherman St. ,South Bend,,IN,2015-12-06T05:00:00.000Z,800 N Sherman St. ,South Bend,IN,No,2015
-86.236979964082295,41.689848571738892,194,Danielle-Cente,M,100,A,"1000 E ST VINCENT ST, SOUTH BEND, 46617",R,0,StreetAddress,1000 E St. Vincent St.,South Bend,,IN,2016-10-31T05:00:00.000Z,1000 E St. Vincent St.,South Bend,IN,No,2016
-86.283521156265124,41.680678973056651,195,Danielle-Cente,M,89.04,A,"2400 KENWOOD AV, SOUTH BEND, 46628",L,0,StreetAddress,2400 Kenwood St.  ,South Bend,,IN,2015-10-05T05:00:00.000Z,2400 Kenwood St.  ,South Bend,IN,No,2015
-86.247828308929812,41.649791267550349,196,Danielle-Cente,M,100,A,"2400 S ST JOSEPH ST, SOUTH BEND, 46614",L,0,StreetAddress,2400 S St. Joseph St.,South Bend,,IN,2016-06-17T05:00:00.000Z,2400 S St. Joseph St.,South Bend,IN,No,2016
-86.241460641441421,41.681889560962773,197,Danielle-Cente,M,89.04,A,"500 N ST LOUIS BLVD, SOUTH BEND, 46617",R,0,StreetAddress,500 N St. Louis St.,South Bend,,IN,2016-04-30T05:00:00.000Z,500 N St. Louis St.,South Bend,IN,No,2016
-86.271815975924213,41.680599801751086,198,Danielle-Cente,M,100,A,"400 N STUDEBAKER ST, SOUTH BEND, 46628",R,0,StreetAddress,400 N Studebaker St. ,South Bend,,IN,2015-08-07T05:00:00.000Z,400 N Studebaker St. ,South Bend,IN,No,2015
-86.271815975924213,41.680599801751086,199,Danielle-Cente,M,100,A,"400 N STUDEBAKER ST, SOUTH BEND, 46628",R,0,StreetAddress,400 N Studebaker St. ,South Bend,,IN,2016-08-14T05:00:00.000Z,400 N Studebaker St. ,South Bend,IN,No,2016
-86.271815975924213,41.680599801751086,200,Danielle-Cente,M,100,A,"400 N STUDEBAKER ST, SOUTH BEND, 46628",R,0,StreetAddress,400 N Studebaker St. ,South Bend,,IN,2016-08-14T05:00:00.000Z,400 N Studebaker St. ,South Bend,IN,No,2016
-86.271862796732265,41.681998603969674,201,Danielle-Cente,M,100,A,"500 N STUDEBAKER ST, SOUTH BEND, 46628",R,0,StreetAddress,500 N Studebaker St. ,South Bend,,IN,2015-08-09T05:00:00.000Z,500 N Studebaker St. ,South Bend,IN,No,2015
-86.257403826277425,41.656427972644572,202,Danielle-Cente,M,100,A,"1700 S TAYLOR ST, SOUTH BEND, 46613",L,0,StreetAddress,1700 S Taylor St. ,South Bend,,IN,2017-04-09T05:00:00.000Z,1700 S Taylor St. ,South Bend,IN,No,2017
-86.263386164752191,41.674304518838092,203,Danielle-Cente,M,100,A,"900 W THOMAS ST, SOUTH BEND, 46601",L,0,StreetAddress,900 W Thomas St. ,South Bend,,IN,2017-08-14T05:00:00.000Z,900 W Thomas St. ,South Bend,IN,No,2017
-86.263682308247169,41.686017806053691,204,Danielle-Cente,M,98.72,A,"1000 W VAN BUREN ST, SOUTH BEND, 46616",L,0,StreetAddress,1000 W VanBuren St. ,South Bend,,IN,2016-01-03T05:00:00.000Z,1000 W VanBuren St. ,South Bend,IN,No,2016
-86.263682308247169,41.686017806053691,205,Danielle-Cente,M,98.72,A,"1000 W VAN BUREN ST, SOUTH BEND, 46616",L,0,StreetAddress,1000 W VanBuren St. ,South Bend,,IN,2016-01-03T05:00:00.000Z,1000 W VanBuren St. ,South Bend,IN,No,2016
-86.267343459032759,41.685970070690928,206,Danielle-Cente,M,98.72,A,"1200 W VAN BUREN ST, SOUTH BEND, 46628",L,0,StreetAddress,1200 W VanBuren St. ,South Bend,,IN,2015-03-26T05:00:00.000Z,1200 W VanBuren St. ,South Bend,IN,No,2015
-86.272370300705788,41.686623376158437,207,Danielle-Cente,M,98.72,A,"1500 W VAN BUREN ST, SOUTH BEND, 46628",L,0,StreetAddress,1500 W Vanburen St. ,South Bend,,IN,2016-09-08T05:00:00.000Z,1500 W Vanburen St. ,South Bend,IN,No,2016
-86.212531213386796,41.676624936617714,208,Danielle-Cente,M,100,A,"105 N VARSITY DR, SOUTH BEND, 46615",L,0,StreetAddress,100 N Varsity Dr. ,South Bend,,IN,2017-11-21T05:00:00.000Z,100 N Varsity Dr. ,South Bend,IN,Yes,2017
-86.269943799181732,41.689325560394252,209,Danielle-Cente,M,90.87,A,"1300 W VASSAR AV, SOUTH BEND, 46628",L,0,StreetAddress,1300 N Vassar Ave. ,South Bend,,IN,2016-08-28T05:00:00.000Z,1300 N Vassar Ave. ,South Bend,IN,No,2016
-86.269943799181732,41.689325560394252,210,Danielle-Cente,M,96.35,A,"1300 W VASSAR AV, SOUTH BEND, 46628",L,0,StreetAddress,1300 W Vasser Ave. ,South Bend,,IN,2016-05-19T05:00:00.000Z,1300 W Vasser Ave. ,South Bend,IN,No,2016
-86.216468496535185,41.66408373696887,211,Danielle-Cente,T,100,A,"2023 E VINE ST, SOUTH BEND, 46615",L,0,StreetAddress,3600 E Vine St. ,South Bend,,IN,2017-02-06T05:00:00.000Z,3600 E Vine St. ,South Bend,IN,No,2017
-86.236158802951792,41.659828890457952,212,Danielle-Cente,M,100,A,"1500 S VIRGINIA ST, SOUTH BEND, 46613",L,0,StreetAddress,1500 S Virginia St. ,South Bend,,IN,2017-06-23T05:00:00.000Z,1500 S Virginia St. ,South Bend,IN,No,2017
-86.27047937805186,41.681949820138996,213,Danielle-Cente,M,100,A,"500 N WALNUT ST, SOUTH BEND, 46616",R,0,StreetAddress,500 N Walnut St. ,South Bend,,IN,2016-03-31T05:00:00.000Z,500 N Walnut St. ,South Bend,IN,No,2016
-86.310773048950367,41.675238268121738,214,Danielle-Cente,T,100,A,"111 N WALTON AV, SOUTH BEND, 46619",L,0,StreetAddress,100 N Walton Ave. ,South Bend,,IN,2017-07-04T05:00:00.000Z,100 N Walton Ave. ,South Bend,IN,No,2017
-86.279982109553302,41.67027476440137,215,Danielle-Cente,M,79,A,"501 S WARREN ST, SOUTH BEND, 46619",L,0,StreetAddress,500 S Warren St. ,South Bend,,IN,2015-03-25T05:00:00.000Z,500 S Warren St. ,South Bend,IN,No,2015
-86.268236126023339,41.676214351838802,216,Danielle-Cente,M,100,A,"1200 W WASHINGTON ST, SOUTH BEND, 46601",L,0,StreetAddress,1200 W Washington St. ,South Bend,,IN,2017-07-08T05:00:00.000Z,1200 W Washington St. ,South Bend,IN,No,2017
-86.271540447507931,41.676169923589065,217,Danielle-Cente,M,100,A,"1400 W WASHINGTON ST, SOUTH BEND, 46601",L,0,StreetAddress,1400 W Washington St. ,South Bend,,IN,2017-03-29T05:00:00.000Z,1400 W Washington St. ,South Bend,IN,No,2017
-86.296101661197099,41.675585378753709,218,Danielle-Cente,M,100,A,"3400 W WASHINGTON ST, SOUTH BEND, 46619",L,0,StreetAddress,3400 W Washington St. ,South Bend,,IN,2017-05-20T05:00:00.000Z,3400 W Washington St. ,South Bend,IN,Yes,2017
-86.296101661197099,41.675585378753709,219,Danielle-Cente,M,100,A,"3400 W WASHINGTON ST, SOUTH BEND, 46619",L,0,StreetAddress,3400 W Washington St. ,South Bend,,IN,2017-06-05T05:00:00.000Z,3400 W Washington St. ,South Bend,IN,No,2017
-86.297306375756037,41.675571392406276,220,Danielle-Cente,M,100,A,"3500 W WASHINGTON ST, SOUTH BEND, 46619",L,0,StreetAddress,3500 W Washington St. ,South Bend,,IN,2016-12-17T05:00:00.000Z,3500 W Washington St. ,South Bend,IN,No,2016
-86.259103593283484,41.676314103526323,221,Danielle-Cente,M,90.87,A,"700 W WASHINGTON ST, SOUTH BEND, 46601",L,0,StreetAddress,700 E Washington St. ,South Bend,,IN,2016-03-29T05:00:00.000Z,700 E Washington St. ,South Bend,IN,No,2016
-86.273948419214236,41.685399766254022,222,Danielle-Cente,M,100,A,"1600 LINCOLN WAY W, SOUTH BEND, 46628",L,0,StreetAddress,1600 Lincoln Way West ,South Bend,,IN,2016-08-18T05:00:00.000Z,1600 Lincoln Way West ,South Bend,IN,No,2016
-86.277404185425965,41.686440012553483,223,Danielle-Cente,M,100,A,"1800 LINCOLN WAY W, SOUTH BEND, 46628",L,0,StreetAddress,1800 Lincoln Way West ,South Bend,,IN,2016-08-02T05:00:00.000Z,1800 Lincoln Way West ,South Bend,IN,No,2016
-86.277404185425965,41.686440012553483,224,Danielle-Cente,M,100,A,"1800 LINCOLN WAY W, SOUTH BEND, 46628",L,0,StreetAddress,1800 Lincoln Way West ,South Bend,,IN,2016-08-02T05:00:00.000Z,1800 Lincoln Way West ,South Bend,IN,No,2016
-86.259147010906332,41.680851873051949,225,Danielle-Cente,M,100,A,"700 LINCOLN WAY W, SOUTH BEND, 46616",L,0,StreetAddress,700 Lincoln Way West ,South Bend,,IN,2015-12-03T05:00:00.000Z,700 Lincoln Way West ,South Bend,IN,No,2015
-86.268729341593541,41.668540450348488,226,Danielle-Cente,M,100,A,"700 S WEBSTER ST, SOUTH BEND, 46619",L,0,StreetAddress,700 S Webster St. ,South Bend,,IN,2016-10-08T05:00:00.000Z,700 S Webster St. ,South Bend,IN,No,2016
-86.268729341593541,41.668540450348488,227,Danielle-Cente,M,100,A,"700 S WEBSTER ST, SOUTH BEND, 46619",L,0,StreetAddress,700 S Webster St. ,South Bend,,IN,2016-10-08T05:00:00.000Z,700 S Webster St. ,South Bend,IN,No,2016
-86.299777694159772,41.677684490149765,228,Danielle-Cente,M,100,A,"200 N WELLINGTON ST, SOUTH BEND, 46619",R,0,StreetAddress,200 N Wellington St. ,South Bend,,IN,2017-02-19T05:00:00.000Z,200 N Wellington St. ,South Bend,IN,No,2017
-86.300327772521598,41.666206097271427,229,Danielle-Cente,M,100,A,"800 S WELLINGTON ST, SOUTH BEND, 46619",L,0,StreetAddress,800 S Wellington St. ,South Bend,,IN,2016-06-10T05:00:00.000Z,800 S Wellington St. ,South Bend,IN,No,2016
-86.267786964044603,41.683560789074029,230,Danielle-Cente,M,100,A,"1200 LINCOLN WAY W, SOUTH BEND, 46628",L,0,StreetAddress,1200 Lincoln Way West ,South Bend,,IN,2017-07-26T05:00:00.000Z,1200 Lincoln Way West ,South Bend,IN,No,2017
-86.33500464874993,41.70398761869464,231,Danielle-Cente,T,100,A,"LINCOLN WAY W, SOUTH BEND, 46628",L,0,StreetAddress,3000 Lincoln Way West ,South Bend,,IN,2017-02-10T05:00:00.000Z,3000 Lincoln Way West ,South Bend,IN,No,2017
-86.33500464874993,41.70398761869464,232,Danielle-Cente,T,100,A,"LINCOLN WAY W, SOUTH BEND, 46628",L,0,StreetAddress,3200 Lincoln Way West ,South Bend,,IN,2017-10-21T05:00:00.000Z,3200 Lincoln Way West ,South Bend,IN,Yes,2017
-86.259147010906332,41.680851873051949,233,Danielle-Cente,M,100,A,"700 LINCOLN WAY W, SOUTH BEND, 46616",L,0,StreetAddress,700 Lincoln Way West ,South Bend,,IN,2017-08-19T05:00:00.000Z,700 Lincoln Way West ,South Bend,IN,No,2017
-86.259147010906332,41.680851873051949,234,Danielle-Cente,M,100,A,"700 LINCOLN WAY W, SOUTH BEND, 46616",L,0,StreetAddress,700 Lincoln Way West ,South Bend,,IN,2016-11-27T05:00:00.000Z,700 Lincoln Way West ,South Bend,IN,No,2016
-86.272444819578411,41.672094775528969,235,Danielle-Cente,T,100,A,"1500 W WESTERN AV, SOUTH BEND, 46619",L,0,StreetAddress,1500 W Western Ave. ,South Bend,,IN,2017-02-05T05:00:00.000Z,1500 W Western Ave. ,South Bend,IN,No,2017
-86.274202308468986,41.672182899492654,236,Danielle-Cente,M,100,A,"1600 W WESTERN AV, SOUTH BEND, 46619",L,0,StreetAddress,1600 W Western Ave. ,South Bend,,IN,2017-11-24T05:00:00.000Z,1600 W Western Ave. ,South Bend,IN,No,2017
-86.274202308468986,41.672182899492654,237,Danielle-Cente,M,100,A,"1600 W WESTERN AV, SOUTH BEND, 46619",L,0,StreetAddress,1600 W Western Ave. ,South Bend,,IN,2015-04-05T05:00:00.000Z,1600 W Western Ave. ,South Bend,IN,No,2015
-86.274202308468986,41.672182899492654,238,Danielle-Cente,M,100,A,"1600 W WESTERN AV, SOUTH BEND, 46619",L,0,StreetAddress,1600 W Western Ave. ,South Bend,,IN,2015-04-05T05:00:00.000Z,1600 W Western Ave. ,South Bend,IN,No,2015
-86.274202308468986,41.672182899492654,239,Danielle-Cente,M,100,A,"1600 W WESTERN AV, SOUTH BEND, 46619",L,0,StreetAddress,1600 W Western Ave. ,South Bend,,IN,2015-09-20T05:00:00.000Z,1600 W Western Ave. ,South Bend,IN,Yes,2015
-86.274202308468986,41.672182899492654,240,Danielle-Cente,M,100,A,"1600 W WESTERN AV, SOUTH BEND, 46619",L,0,StreetAddress,1600 W Western Ave. ,South Bend,,IN,2016-03-28T05:00:00.000Z,1600 W Western Ave. ,South Bend,IN,No,2016
-86.285235064398123,41.672044300047602,241,Danielle-Cente,M,100,A,"2500 W WESTERN AV, SOUTH BEND, 46619",R,0,StreetAddress,2500 W Western Ave. ,South Bend,,IN,2016-02-27T05:00:00.000Z,2500 W Western Ave. ,South Bend,IN,No,2016
-86.296038811368135,41.67195914437054,242,Danielle-Cente,M,100,A,"3400 W WESTERN AV, SOUTH BEND, 46619",L,0,StreetAddress,3400 W Western Ave. ,South Bend,,IN,2015-07-26T05:00:00.000Z,3400 W Western Ave. ,South Bend,IN,No,2015
-86.297249211411852,41.671952509809181,243,Danielle-Cente,M,100,A,"3500 W WESTERN AV, SOUTH BEND, 46619",L,0,StreetAddress,3500 W Western Ave. ,South Bend,,IN,2017-03-20T05:00:00.000Z,3500 W Western Ave. ,South Bend,IN,No,2017
-86.297249211411852,41.671952509809181,244,Danielle-Cente,M,100,A,"3500 W WESTERN AV, SOUTH BEND, 46619",L,0,StreetAddress,3500 W Western Ave. ,South Bend,,IN,2015-11-30T05:00:00.000Z,3500 W Western Ave. ,South Bend,IN,No,2015
-86.297249211411852,41.671952509809181,245,Danielle-Cente,M,100,A,"3500 W WESTERN AV, SOUTH BEND, 46619",L,0,StreetAddress,3500 W Western Ave. ,South Bend,,IN,2016-05-17T05:00:00.000Z,3500 W Western Ave. ,South Bend,IN,No,2016
-86.319310903918179,41.671992090631967,246,Danielle-Cente,T,100,A,"W WESTERN AV, SOUTH BEND, 46619",L,0,StreetAddress,3900 W Western Ave. ,South Bend,,IN,2015-12-04T05:00:00.000Z,3900 W Western Ave. ,South Bend,IN,No,2015
-86.310258017705493,41.671875973643246,247,Danielle-Cente,M,79,A,"4501 W WESTERN AV, SOUTH BEND, 46619",R,0,StreetAddress,4500 W Western Ave. ,South Bend,,IN,2015-01-29T05:00:00.000Z,4500 W Western Ave. ,South Bend,IN,No,2015
-86.274006697030003,41.689243726716569,248,Danielle-Cente,M,100,A,"1100 N WILBER ST, SOUTH BEND, 46628",R,0,StreetAddress,1100 N Wilber St. ,South Bend,,IN,2017-06-12T05:00:00.000Z,1100 N Wilber St. ,South Bend,IN,No,2017
-86.274006697030003,41.689243726716569,249,Danielle-Cente,M,100,A,"1100 N WILBER ST, SOUTH BEND, 46628",R,0,StreetAddress,1100 N Wilber St. ,South Bend,,IN,2017-06-27T05:00:00.000Z,1100 N Wilber St. ,South Bend,IN,No,2017
-86.274041902598753,41.690831377917384,250,Danielle-Cente,M,79,A,"1201 N WILBER ST, SOUTH BEND, 46628",L,0,StreetAddress,1200 N Wilber St. ,South Bend,,IN,2017-09-29T05:00:00.000Z,1200 N Wilber St. ,South Bend,IN,No,2017
-86.274041902598753,41.690831377917384,251,Danielle-Cente,M,79,A,"1201 N WILBER ST, SOUTH BEND, 46628",L,0,StreetAddress,1200 N Wilber St. ,South Bend,,IN,2016-05-18T05:00:00.000Z,1200 N Wilber St. ,South Bend,IN,No,2016
-86.274095203936326,41.692907948718428,252,Danielle-Cente,M,79,A,"1301 N WILBER ST, SOUTH BEND, 46628",L,0,StreetAddress,1300 N Wilber St. ,South Bend,,IN,2016-05-24T05:00:00.000Z,1300 N Wilber St. ,South Bend,IN,No,2016
-86.256039237691382,41.657808930238751,253,Danielle-Cente,M,85.8,A,"1600 S WILLIAM ST, SOUTH BEND, 46613",L,0,StreetAddress,1600 S Williams St. ,South Bend,,IN,2015-05-03T05:00:00.000Z,1600 S Williams St. ,South Bend,IN,No,2015
-86.256039237691382,41.657808930238751,254,Danielle-Cente,M,85.8,A,"1600 S WILLIAM ST, SOUTH BEND, 46613",L,0,StreetAddress,1600 S Williams St. ,South Bend,,IN,2015-05-03T05:00:00.000Z,1600 S Williams St. ,South Bend,IN,No,2015
-86.256039237691382,41.657808930238751,255,Danielle-Cente,M,85.8,A,"1600 S WILLIAM ST, SOUTH BEND, 46613",L,0,StreetAddress,1600 S Williams St. ,South Bend,,IN,2015-05-03T05:00:00.000Z,1600 S Williams St. ,South Bend,IN,No,2015
-86.256039237691382,41.657808930238751,256,Danielle-Cente,M,85.8,A,"1600 S WILLIAM ST, SOUTH BEND, 46613",L,0,StreetAddress,1600 S Williams St. ,South Bend,,IN,2015-05-03T05:00:00.000Z,1600 S Williams St. ,South Bend,IN,No,2015
-86.320614230698851,41.677520778830051,257,Danielle-Cente,M,100,A,"5200 W WINDFALL CT, SOUTH BEND, 46619",L,0,StreetAddress,5200 W Windfall Ct. ,South Bend,,IN,2017-04-25T05:00:00.000Z,5200 W Windfall Ct. ,South Bend,IN,Yes,2017
-86.264420774885551,41.690930459711467,258,Danielle-Cente,T,86.3,A,"1035 W YUKON AV, SOUTH BEND, 46616",L,0,StreetAddress,1000 W Yukon St. ,South Bend,,IN,2017-02-18T05:00:00.000Z,1000 W Yukon St. ,South Bend,IN,Yes,2017
-86.264420774885551,41.690930459711467,259,Danielle-Cente,T,86.3,A,"1035 W YUKON AV, SOUTH BEND, 46616",L,0,StreetAddress,1000 W Yukon St. ,South Bend,,IN,2017-02-18T05:00:00.000Z,1000 W Yukon St. ,South Bend,IN,No,2017
-86.264420774885551,41.690930459711467,260,Danielle-Cente,T,86.3,A,"1035 W YUKON AV, SOUTH BEND, 46616",L,0,StreetAddress,1000 W Yukon St. ,South Bend,,IN,2017-02-18T05:00:00.000Z,1000 W Yukon St. ,South Bend,IN,No,2017
-86.264420774885551,41.690930459711467,261,Danielle-Cente,T,86.3,A,"1035 W YUKON AV, SOUTH BEND, 46616",L,0,StreetAddress,1000 W Yukon St. ,South Bend,,IN,2017-02-18T05:00:00.000Z,1000 W Yukon St. ,South Bend,IN,No,2017
-86.264420774885551,41.690930459711467,262,Danielle-Cente,T,86.3,A,"1035 W YUKON AV, SOUTH BEND, 46616",L,0,StreetAddress,1000 W Yukon St. ,South Bend,,IN,2015-08-14T05:00:00.000Z,1000 W Yukon St. ,South Bend,IN,Yes,2015
-86.300518149835341,41.685743875929688,263,Danielle-Cente,M,100,A,"ILLINOIS ST, SOUTH BEND, 46628",L,0,StreetAddress,Illinois St.,South Bend,,IN,2017-11-17T05:00:00.000Z,Illinois St.,South Bend,IN,No,2017
,,264,,U,0,A,,,,,Unknown,South Bend,,IN,2016-03-05T05:00:00.000Z,Unknown,South Bend,IN,No,2016
,,265,,U,0,A,,,,,Unknown,South Bend,,IN,2016-08-03T05:00:00.000Z,Unknown,South Bend,IN,No,2016
,,266,,U,0,A,,,,,Unknown,South Bend,,IN,2016-09-25T05:00:00.000Z,Unknown,South Bend,IN,No,2016
,,267,,U,0,A,,,,,Unknown,South Bend,,IN,2017-04-19T05:00:00.000Z,Unknown,South Bend,IN,No,2017
,,268,,U,0,A,,,,,Unknown,South Bend,,IN,2017-05-10T05:00:00.000Z,Unknown,South Bend,IN,No,2017
-86.226656312737575,41.662780893374318,269,World,M,98.82,A,"Clover St & Hildreth St, South Bend, Indiana, 46615",,,StreetInt,,South Bend,,,2018-01-18T05:00:00.000Z,Clover/Hildreth  ,South Bend,IN,Yes,2018
-86.279011792890145,41.69940656449559,270,World,M,97.46,A,"1800 Johnson St, South Bend, Indiana, 46628",R,,StreetAddress,,South Bend,,,2018-01-11T05:00:00.000Z,1800 N Johnson ,South Bend,IN,Yes,2018
-86.24591066110186,41.688319538572074,271,World,M,97.46,A,"400 Howard St, South Bend, Indiana, 46617",R,,StreetAddress,,South Bend,,,2018-01-22T05:00:00.000Z,400 E Howard ,South Bend,IN,No,2018
-86.255504107265011,41.681683712385443,272,World,M,98.71,A,"400 W Marion St, South Bend, Indiana, 46601",R,,StreetAddress,,South Bend,,,2018-01-23T05:00:00.000Z,400 W Marion ,South Bend,IN,No,2018
-86.307230555483329,41.662704710789463,273,World,M,97.46,A,"4300 Silver Ln, South Bend, Indiana, 46619",R,,StreetAddress,,South Bend,,,2018-02-17T05:00:00.000Z,4300 W Silver ,South Bend,IN,Yes,2018
-86.239241895886479,41.655937360073686,274,World,M,98.71,A,"800 E Dayton St, South Bend, Indiana, 46613",R,,StreetAddress,,South Bend,,,2018-03-11T05:00:00.000Z,800 E Dayton ,South Bend,IN,No,2018
-86.239241895886479,41.655937360073686,275,World,M,98.71,A,"800 E Dayton St, South Bend, Indiana, 46613",R,,StreetAddress,,South Bend,,,2018-03-11T05:00:00.000Z,800 E Dayton ,South Bend,IN,No,2018
-86.239241895886479,41.655937360073686,276,World,M,98.71,A,"800 E Dayton St, South Bend, Indiana, 46613",R,,StreetAddress,,South Bend,,,2018-03-11T05:00:00.000Z,800 E Dayton ,South Bend,IN,No,2018
-86.282471305866522,41.689271592254023,277,World,M,98.71,A,"1100 N Elmer St, South Bend, Indiana, 46628",R,,StreetAddress,,South Bend,,,2018-02-19T05:00:00.000Z,1100 N Elmer ,South Bend,IN,No,2018
-86.239241895886479,41.655937360073686,278,World,M,98.71,A,"800 E Dayton St, South Bend, Indiana, 46613",R,,StreetAddress,,South Bend,,,2018-03-11T05:00:00.000Z,800 E Dayton ,South Bend,IN,No,2018
-86.282611032799082,41.697497817154861,279,World,M,98.71,A,"1700 N Elmer St, South Bend, Indiana, 46628",R,,StreetAddress,,South Bend,,,2018-03-22T05:00:00.000Z,1700 N Elmer ,South Bend,IN,No,2018
-86.270494048949658,41.679344124095891,280,World,M,97.46,A,"1300 Linden Ave, South Bend, Indiana, 46628",R,,StreetAddress,,South Bend,,,2018-03-17T05:00:00.000Z,1300 W Linden ,South Bend,IN,No,2018
-86.239241895886479,41.655937360073686,281,World,M,98.71,A,"800 E Dayton St, South Bend, Indiana, 46613",R,,StreetAddress,,South Bend,,,2018-03-11T05:00:00.000Z,800 E Dayton ,South Bend,IN,No,2018
-86.284992216769652,41.701485486954439,282,World,M,97.46,A,"1900 Fremont St, South Bend, Indiana, 46628",R,,StreetAddress,,South Bend,,,2018-03-14T05:00:00.000Z,1900 N Fremont ,South Bend,IN,No,2018
-86.28380183290237,41.693821895791658,283,World,M,98.45,A,"N Olive St & Elwood Ave, South Bend, Indiana, 46628",,,StreetInt,,South Bend,,,2018-03-23T05:00:00.000Z,Olive/Elwood  ,South Bend,IN,No,2018
-86.269733671280676,41.694716205722727,284,World,M,97.46,A,"1300 King St, South Bend, Indiana, 46628",R,,StreetAddress,,South Bend,,,2018-04-17T05:00:00.000Z,1300 W King ,South Bend,IN,No,2018
-86.239241895886479,41.655937360073686,285,World,M,98.71,A,"800 E Dayton St, South Bend, Indiana, 46613",R,,StreetAddress,,South Bend,,,2018-03-11T05:00:00.000Z,800 E Dayton ,South Bend,IN,No,2018
-86.234871154664148,41.653677341844322,286,World,M,97.46,A,"2000 Miami St, South Bend, Indiana, 46613",R,,StreetAddress,,South Bend,,,2018-04-02T05:00:00.000Z,2000 S Miami ,South Bend,IN,No,2018
-86.235278317503528,41.679232896556627,287,World,M,98.08,A,"N Eddy St & E Lasalle Ave, South Bend, Indiana, 46617",,,StreetInt,,South Bend,,,2018-05-29T05:00:00.000Z, Eddy/Lasalle  ,South Bend,IN,No,2018
-86.253754446549081,41.68172950258095,288,World,M,98.71,A,"300 W Marion St, South Bend, Indiana, 46601",R,,StreetAddress,,South Bend,,,2018-03-22T05:00:00.000Z,300 W Marion ,South Bend,IN,No,2018
-86.246003524668026,41.652525962416313,289,World,M,98.7,A,"2100 Carroll St, South Bend, Indiana, 46613",R,,StreetAddress,,South Bend,,,2018-06-07T05:00:00.000Z,2100 Carroll  ,South Bend,IN,No,2018
-86.253754446549081,41.68172950258095,290,World,M,94.84,A,"300 W Marion St, South Bend, Indiana, 46601",R,,StreetAddress,,South Bend,,,2018-03-22T05:00:00.000Z,300 W Maion ,South Bend,IN,No,2018
-86.277421152173645,41.678191432753607,291,World,M,98.71,A,"200 N Brookfield St, South Bend, Indiana, 46628",R,,StreetAddress,,South Bend,,,2018-04-19T05:00:00.000Z,200 N Brookfield ,South Bend,IN,No,2018
-86.235459456971512,41.691260259924178,292,World,M,98.71,A,"1200 N Eddy St, South Bend, Indiana, 46617",R,,StreetAddress,,South Bend,,,2018-03-25T05:00:00.000Z,1200 N Eddy ,South Bend,IN,No,2018
-86.26810474591484,41.687759291633505,293,World,M,97.46,A,"1200 California St, South Bend, Indiana, 46628",R,,StreetAddress,,South Bend,,,2018-03-30T05:00:00.000Z,1200 W California ,South Bend,IN,No,2018
-86.297759190937228,41.689036514301698,294,World,M,98.7,A,"3500 Curtiss Dr, South Bend, Indiana, 46628",L,,StreetAddress,,South Bend,,,2018-04-13T05:00:00.000Z,3500 Curtiss  ,South Bend,IN,No,2018
-86.265224418729389,41.678930525070932,295,World,M,97.46,A,"300 Laporte Ave, South Bend, Indiana, 46616",R,,StreetAddress,,South Bend,,,2018-06-10T05:00:00.000Z,300 N LaPorte ,South Bend,IN,No,2018
-86.230048180289216,41.681902527425315,296,World,M,97.46,A,"1300 Cedar St, South Bend, Indiana, 46617",R,,StreetAddress,,South Bend,,,2018-05-06T05:00:00.000Z,1300 E Cedar ,South Bend,IN,No,2018
-86.289435084350146,41.685482614607679,297,World,M,97.46,A,"2800 Frederickson St, South Bend, Indiana, 46628",R,,StreetAddress,,South Bend,,,2018-04-14T05:00:00.000Z,2800 W Frederickson ,South Bend,IN,No,2018
-86.234871154664148,41.653677341844322,298,World,M,97.46,A,"2000 Miami St, South Bend, Indiana, 46613",R,,StreetAddress,,South Bend,,,2018-05-02T05:00:00.000Z,2000 S Miami ,South Bend,IN,No,2018
-86.265224418729389,41.678930525070932,299,World,M,97.46,A,"300 Laporte Ave, South Bend, Indiana, 46616",R,,StreetAddress,,South Bend,,,2018-06-10T05:00:00.000Z,300 N LaPorte ,South Bend,IN,No,2018
-86.300742820978243,41.695483067633162,300,World,M,95.81,A,"1600 N Illinois St, South Bend, Indiana, 46628",R,,StreetAddress,,South Bend,,,2018-04-20T05:00:00.000Z,1600 N. Illinios ,South Bend,IN,No,2018
-86.238349214823259,41.679273009720283,301,World,M,98.71,A,"300 N Notre Dame Ave, South Bend, Indiana, 46617",R,,StreetAddress,,South Bend,,,2018-05-22T05:00:00.000Z,300 N Notre Dame,South Bend,IN,No,2018
-86.240938128547612,41.658070637012671,302,World,M,98.71,A,"700 E Indiana Ave, South Bend, Indiana, 46613",R,,StreetAddress,,South Bend,,,2018-05-09T05:00:00.000Z,700 E Indiana ,South Bend,IN,No,2018
-86.2539368196379,41.628803036256365,303,World,M,98.71,A,"300 W Ireland Rd, South Bend, Indiana, 46614",L,,StreetAddress,,South Bend,,,2018-05-08T05:00:00.000Z,300 W Ireland ,South Bend,IN,No,2018
-86.277277882190887,41.654852951526451,304,World,M,98.71,A,"1800 S Brookfield St, South Bend, Indiana, 46613",R,,StreetAddress,,South Bend,,,2018-06-10T05:00:00.000Z,1800 S Brookfield ,South Bend,IN,No,2018
-86.271822221162196,41.682253938719718,305,World,M,97.46,A,"600 Studebaker St, South Bend, Indiana, 46628",R,,StreetAddress,,South Bend,,,2018-05-28T05:00:00.000Z,600 N Studebaker ,South Bend,IN,Yes,2018
-86.268856007084878,41.669255107653704,306,World,M,97.46,A,"1300 Grace St, South Bend, Indiana, 46619",R,,StreetAddress,,South Bend,,,2018-06-17T05:00:00.000Z,1300 W Grace ,South Bend,IN,No,2018
-86.236790860559424,41.668553951195008,307,World,M,98.7,A,"900 Northside Blvd, South Bend, Indiana, 46617",L,,StreetAddress,,South Bend,,,2018-06-23T05:00:00.000Z,900 Northside  ,South Bend,IN,Yes,2018
-86.289417473789996,41.684609996039406,308,World,M,97.46,A,"2800 Westmoor St, South Bend, Indiana, 46628",R,,StreetAddress,,South Bend,,,2018-05-26T05:00:00.000Z,2800 W Westmoor ,South Bend,IN,No,2018
-86.230869512269706,41.685932191080674,309,World,M,97.46,A,"1300 Campeau St, South Bend, Indiana, 46617",L,,StreetAddress,,South Bend,,,2018-09-01T05:00:00.000Z,1300 E Campeau ,South Bend,IN,No,2018
-86.282471305866522,41.689271592254023,310,World,M,98.71,A,"1100 N Elmer St, South Bend, Indiana, 46628",R,,StreetAddress,,South Bend,,,2018-06-07T05:00:00.000Z,1100 N Elmer ,South Bend,IN,No,2018
-86.282528332484986,41.689213895584963,311,World,M,93.59,A,"N Elmer St & Vassar Ave, South Bend, Indiana, 46628",,,StreetInt,,South Bend,,,2018-07-01T05:00:00.000Z,Elmer/Vasser  ,South Bend,IN,No,2018
-86.279919299147736,41.681541223129749,312,World,M,97.46,A,"2100 Bertrand St, South Bend, Indiana, 46628",R,,StreetAddress,,South Bend,,,2018-09-09T05:00:00.000Z,2100 W Bertrand ,South Bend,IN,Yes,2018
-86.253754446549081,41.68172950258095,313,World,M,98.71,A,"300 W Marion St, South Bend, Indiana, 46601",R,,StreetAddress,,South Bend,,,2018-10-04T05:00:00.000Z,300 W Marion ,South Bend,IN,No,2018
-86.234886914788788,41.654624577870749,314,World,M,97.46,A,"1900 Miami St, South Bend, Indiana, 46613",R,,StreetAddress,,South Bend,,,2018-07-02T05:00:00.000Z,1900 S Miami ,South Bend,IN,No,2018
-86.275895348021393,41.682063376512069,315,World,M,97.46,A,"1700 Fassnacht St, South Bend, Indiana, 46628",R,,StreetAddress,,South Bend,,,2018-07-04T05:00:00.000Z,1700 W Fassnacht ,South Bend,IN,No,2018
-86.276018848652399,41.685941078831952,316,World,M,100,A,"1700 Lincolnway W, South Bend, Indiana, 46628",L,,StreetAddress,,South Bend,,,2018-11-06T05:00:00.000Z,1700 Lincolnway West  ,South Bend,IN,No,2018
-86.253754446549081,41.68172950258095,317,World,M,98.71,A,"300 W Marion St, South Bend, Indiana, 46601",R,,StreetAddress,,South Bend,,,2018-10-04T05:00:00.000Z,300 W Marion ,South Bend,IN,No,2018
-86.271362194123,41.694825956308449,318,World,M,97.46,A,"1500 Anderson Ave, South Bend, Indiana, 46628",R,,StreetAddress,,South Bend,,,2018-10-07T05:00:00.000Z,1500 N Anderson ,South Bend,IN,Yes,2018
-86.283438469502016,41.678147255631458,319,World,M,98.71,A,"200 N Olive St, South Bend, Indiana, 46628",R,,StreetAddress,,South Bend,,,2018-11-15T05:00:00.000Z,200 N Olive ,South Bend,IN,No,2018
-86.257898997708736,41.678948556895563,320,World,M,98.71,A,"600 W Lasalle Ave, South Bend, Indiana, 46601",R,,StreetAddress,,South Bend,,,2018-07-11T05:00:00.000Z,600 W LaSalle ,South Bend,IN,No,2018
-86.238009412790475,41.65700937563048,321,World,T,98.21,A,"900 E Dubail St, South Bend, Indiana, 46613",R,,StreetAddress,,South Bend,,,2018-10-10T05:00:00.000Z,900 Dubail  ,South Bend,IN,No,2018
-86.248584179035078,41.668524960465874,322,World,M,98.71,A,"1300 S St Joseph St, South Bend, Indiana, 46601",R,,StreetAddress,,South Bend,,,2018-09-14T05:00:00.000Z,1300 S St Joseph,South Bend,IN,No,2018
-86.283742460369766,41.68610540199316,323,World,M,97.46,A,"2400 Prast Blvd, South Bend, Indiana, 46628",L,,StreetAddress,,South Bend,,,2018-07-26T05:00:00.000Z,2400 W Prast ,South Bend,IN,No,2018
-86.249779388468426,41.654705998822607,324,World,M,97.46,A,"100 Milton St, South Bend, Indiana, 46613",R,,StreetAddress,,South Bend,,,2018-09-18T05:00:00.000Z,100 E Milton ,South Bend,IN,Yes,2018
-86.253606804493714,41.67912708842276,325,World,M,98.71,A,"300 N Lafayette Blvd, South Bend, Indiana, 46601",R,,StreetAddress,,South Bend,,,2018-08-11T05:00:00.000Z,300 N Lafayette ,South Bend,IN,No,2018
-86.303398356922031,41.67182942211879,326,World,M,98.71,A,"4000 W Western Ave, South Bend, Indiana, 46619",R,,StreetAddress,,South Bend,,,2018-09-24T05:00:00.000Z,4000 W Western ,South Bend,IN,No,2018
-86.280106726995356,41.672045786123611,327,World,M,98.71,A,"2100 W Western Ave, South Bend, Indiana, 46619",R,,StreetAddress,,South Bend,,,2018-08-12T05:00:00.000Z,2100 W Western ,South Bend,IN,No,2018
-86.269076498129081,41.681515348065709,328,World,M,96.46,A,"500 Laporte Ave, South Bend, Indiana, 46628",R,,StreetAddress,,South Bend,,,2018-11-16T05:00:00.000Z,500 N La Porte,South Bend,IN,No,2018
-86.236868714462958,41.688543011336264,329,World,M,98.71,A,"1000 N Frances St, South Bend, Indiana, 46617",R,,StreetAddress,,South Bend,,,2018-09-30T05:00:00.000Z,1000 N Frances ,South Bend,IN,No,2018
-86.300982844958796,41.673945383313715,330,World,M,98.71,A,"3800 W Jefferson Blvd, South Bend, Indiana, 46619",R,,StreetAddress,,South Bend,,,2018-11-29T05:00:00.000Z,3800 W Jefferson ,South Bend,IN,No,2018
-86.253754446549081,41.68172950258095,331,World,M,98.71,A,"300 W Marion St, South Bend, Indiana, 46601",R,,StreetAddress,,South Bend,,,2018-10-04T05:00:00.000Z,300 W Marion ,South Bend,IN,No,2018
-86.304119336696132,41.662906889225077,332,World,M,98.71,A,"4000 W Sample St, South Bend, Indiana, 46619",R,,PointAddress,,South Bend,,,2018-11-29T05:00:00.000Z,4000 W Sample ,South Bend,IN,No,2018
-86.223592962945318,41.694391676487186,333,World,M,97.46,A,"1700 South Bend Ave, South Bend, Indiana, 46637",R,,StreetAddress,,South Bend,,,2018-08-18T05:00:00.000Z,1700 E South Bend,South Bend,IN,No,2018
-86.28506539457706,41.681504443011839,334,World,M,97.46,A,"2500 Bertrand St, South Bend, Indiana, 46628",R,,StreetAddress,,South Bend,,,2018-08-24T05:00:00.000Z,2500 W Bertrand ,South Bend,IN,No,2018
-86.258767926359567,41.656362086536653,335,World,M,98.71,A,"1700 S Scott St, South Bend, Indiana, 46613",R,,StreetAddress,,South Bend,,,2018-12-02T05:00:00.000Z,1700 S Scott ,South Bend,IN,No,2018
-86.253754446549081,41.68172950258095,336,World,M,98.71,A,"300 W Marion St, South Bend, Indiana, 46601",R,,StreetAddress,,South Bend,,,2018-10-04T05:00:00.000Z,300 W Marion ,South Bend,IN,No,2018
-86.258767926359567,41.656362086536653,337,World,M,98.71,A,"1700 S Scott St, South Bend, Indiana, 46613",R,,StreetAddress,,South Bend,,,2018-12-02T05:00:00.000Z,1700 S Scott ,South Bend,IN,No,2018
-86.253754446549081,41.68172950258095,338,World,M,98.71,A,"300 W Marion St, South Bend, Indiana, 46601",R,,StreetAddress,,South Bend,,,2018-10-04T05:00:00.000Z,300 W Marion ,South Bend,IN,No,2018
-86.265993775180959,41.672071885607444,339,World,M,98.71,A,"1100 W Western Ave, South Bend, Indiana, 46601",R,,StreetAddress,,South Bend,,,2018-10-13T05:00:00.000Z,1100 W Western ,South Bend,IN,No,2018
-86.282303600640688,41.680654835515718,340,World,M,98.7,A,"2300 Kenwood Ave, South Bend, Indiana, 46628",R,,StreetAddress,,South Bend,,,2018-10-22T05:00:00.000Z,2300 Kenwood  ,South Bend,IN,No,2018
-86.253754446549081,41.68172950258095,341,World,M,98.71,A,"300 W Marion St, South Bend, Indiana, 46601",R,,StreetAddress,,South Bend,,,2018-10-04T05:00:00.000Z,300 W Marion ,South Bend,IN,No,2018
-86.264518491592995,41.677490551977833,342,World,M,98.71,A,"1000 W Colfax Ave, South Bend, Indiana, 46616",R,,StreetAddress,,South Bend,,,2018-10-28T05:00:00.000Z,1000 W Colfax ,South Bend,IN,No,2018
-86.274939954351893,41.654876468462888,343,World,M,97.46,A,"1800 Pulaski St, South Bend, Indiana, 46613",R,,StreetAddress,,South Bend,,,2018-10-31T05:00:00.000Z,1800 S Pulaski ,South Bend,IN,No,2018
-86.239301443188154,41.638717684357502,344,World,M,97.46,A,"3600 High St, South Bend, Indiana, 46614",R,,StreetAddress,,South Bend,,,2018-12-16T05:00:00.000Z,3600 S High ,South Bend,IN,No,2018
-86.274939954351893,41.654876468462888,345,World,M,97.46,A,"1800 Pulaski St, South Bend, Indiana, 46613",R,,StreetAddress,,South Bend,,,2018-10-31T05:00:00.000Z,1800 S Pulaski ,South Bend,IN,No,2018
-86.283714409646763,41.648924600135921,346,World,M,97.46,A,"2500 Prairie Ave, South Bend, Indiana, 46614",R,,StreetAddress,,South Bend,,,2018-11-03T05:00:00.000Z,2500 W Prairie ,South Bend,IN,Yes,2018
