"GEOID","NAME","total_populationE","total_populationM","total_hous_unitsE","total_hous_unitsM","total_occ_hous_unitsE","total_occ_hous_unitsM","total_vac_hous_unitsE","total_vac_hous_unitsM","total_own_occ_unitsE","total_own_occ_unitsM","total_rent_occ_unitsE","total_rent_occ_unitsM","total_for_rent_unitsE","total_for_rent_unitsM","total_rented_non_occE","total_rented_non_occM","total_for_sale_unitsE","total_for_sale_unitsM","total_sold_non_occ_unitsE","total_sold_non_occ_unitsM","med_rent_over_incomeE","med_rent_over_incomeM","owner_hous_val_25th_perE","owner_hous_val_25th_perM","owner_hous_val_50th_perE","owner_hous_val_50th_perM","owner_hous_val_75th_perE","owner_hous_val_75th_perM","med_owner_cost_mortgE","med_owner_cost_mortgM","med_owner_cost_no_mortgE","med_owner_cost_no_mortgM","med_cost_over_income_mortgE","med_cost_over_income_mortgM","med_cost_over_income_no_mortgE","med_cost_over_income_no_mortgM","med_hous_costE","med_hous_costM","med_fam_incomeE","med_fam_incomeM","med_rent_0_bedE","med_rent_0_bedM","med_rent_1_bedE","med_rent_1_bedM","med_rent_2_bedE","med_rent_2_bedM","med_rent_3_bedE","med_rent_3_bedM","med_rent_4_bedE","med_rent_4_bedM","med_rent_5_plus_bedE","med_rent_5_plus_bedM","med_rentE","med_rentM"
"181410026001","Block Group 1, Census Tract 26, St. Joseph County, Indiana",1309,498,458,98,385,105,73,66,221,92,164,70,21,35,0,11,0,11,0,11,21.3,6.3,54300,5011,60200,6358,66900,7879,724,61,283,98,38,27.1,10.5,5,NA,NA,42083,15529,NA,NA,NA,NA,NA,NA,NA,NA,NA,NA,NA,NA,834,80
"181410026002","Block Group 2, Census Tract 26, St. Joseph County, Indiana",602,220,317,73,292,72,25,37,203,64,89,63,0,11,0,11,0,11,0,11,NA,NA,48700,6338,59700,7631,70900,9214,692,50,298,75,20.1,5.5,12.1,7.8,NA,NA,53438,30341,NA,NA,NA,NA,NA,NA,NA,NA,NA,NA,NA,NA,NA,NA
"181410026003","Block Group 3, Census Tract 26, St. Joseph County, Indiana",1420,296,517,98,517,98,0,11,431,105,86,44,0,11,0,11,0,11,0,11,30.9,12.4,65700,4931,73700,3046,79900,23218,885,130,193,54,24.8,3.7,12.1,1.2,NA,NA,46174,16668,NA,NA,NA,NA,NA,NA,NA,NA,NA,NA,NA,NA,475,186
"181410034001","Block Group 1, Census Tract 34, St. Joseph County, Indiana",984,347,297,82,246,75,51,51,177,72,69,48,0,11,0,11,0,11,24,40,49,27.8,35600,16858,51100,9050,58600,4778,694,235,364,61,NA,NA,13.3,7.4,NA,NA,NA,NA,NA,NA,NA,NA,NA,NA,NA,NA,NA,NA,NA,NA,932,204
"181410034002","Block Group 2, Census Tract 34, St. Joseph County, Indiana",1492,516,499,117,433,116,66,69,119,47,314,109,12,23,0,11,0,11,0,11,40.2,25.2,58400,25206,88300,40715,135500,25748,688,209,331,39,17.4,9.9,11.7,4.1,NA,NA,22750,22012,NA,NA,NA,NA,NA,NA,NA,NA,NA,NA,NA,NA,523,318
"181410034003","Block Group 3, Census Tract 34, St. Joseph County, Indiana",1249,438,592,125,387,113,205,113,228,70,159,97,54,63,0,11,8,12,26,41,43.2,24.5,39300,5826,51700,18488,76100,33546,779,97,350,324,18.9,3.8,10,NA,NA,NA,37407,5181,NA,NA,NA,NA,NA,NA,NA,NA,NA,NA,NA,NA,711,412
"181410034004","Block Group 4, Census Tract 34, St. Joseph County, Indiana",462,205,307,106,225,84,82,71,78,46,147,77,31,46,0,11,0,11,0,11,26.3,25.8,25400,22232,50500,16714,59800,9540,858,362,216,126,21.1,8.2,10,NA,NA,NA,60526,38208,NA,NA,NA,NA,NA,NA,NA,NA,NA,NA,NA,NA,692,180
"181410035002","Block Group 2, Census Tract 35, St. Joseph County, Indiana",1531,289,731,69,641,83,90,75,373,81,268,85,28,43,0,11,39,48,0,11,17,3.2,56700,8506,66800,4286,77900,5572,790,135,324,73,20.2,9.5,13.5,8.7,NA,NA,31616,8395,NA,NA,NA,NA,NA,NA,NA,NA,NA,NA,NA,NA,486,171
"181410035001","Block Group 1, Census Tract 35, St. Joseph County, Indiana",1199,236,610,82,557,93,53,58,158,55,399,101,25,40,0,11,28,43,0,11,28,3.5,52500,5160,58600,9491,74700,8614,863,108,234,43,17.4,5.2,10,NA,NA,NA,31643,8151,NA,NA,NA,NA,NA,NA,NA,NA,NA,NA,NA,NA,519,154
"181410113051","Block Group 1, Census Tract 113.05, St. Joseph County, Indiana",2372,314,781,84,742,85,39,44,731,82,11,22,26,40,0,11,0,11,0,11,NA,NA,165900,10639,199700,17078,279900,36409,1531,153,479,47,16.5,2,10,NA,NA,NA,120179,20061,NA,NA,NA,NA,NA,NA,NA,NA,NA,NA,NA,NA,NA,NA
"181410113062","Block Group 2, Census Tract 113.06, St. Joseph County, Indiana",827,309,280,52,255,54,25,41,220,50,35,43,0,11,0,11,0,11,0,11,NA,NA,108600,21992,144000,35584,223500,44846,1083,395,383,102,14.5,10.1,10,NA,NA,NA,79659,64698,NA,NA,NA,NA,NA,NA,NA,NA,NA,NA,NA,NA,NA,NA
"181410113061","Block Group 1, Census Tract 113.06, St. Joseph County, Indiana",720,143,297,50,297,50,0,11,274,46,23,27,0,11,0,11,0,11,0,11,NA,NA,138300,14058,162700,13161,213400,33589,1158,145,300,82,14.6,3.1,10,NA,NA,NA,86923,23282,NA,NA,NA,NA,NA,NA,NA,NA,NA,NA,NA,NA,NA,NA
"181410113063","Block Group 3, Census Tract 113.06, St. Joseph County, Indiana",1322,166,646,70,618,71,28,45,595,75,23,21,0,11,0,11,0,11,0,11,21.3,25.7,209500,22548,287100,40940,488700,134088,2553,1320,591,119,20.5,4.6,10,NA,NA,NA,155469,39389,NA,NA,NA,NA,NA,NA,NA,NA,NA,NA,NA,NA,1063,429
"181410001001","Block Group 1, Census Tract 1, St. Joseph County, Indiana",665,173,314,57,273,62,41,36,81,36,192,59,13,20,15,23,0,11,0,11,35.6,12.6,75900,4997,83700,8092,92100,7438,881,65,383,146,25.1,14.7,11.7,5.1,NA,NA,NA,NA,NA,NA,NA,NA,NA,NA,NA,NA,NA,NA,NA,NA,298,72
"181410001003","Block Group 3, Census Tract 1, St. Joseph County, Indiana",609,167,276,53,262,53,14,22,182,45,80,41,0,11,0,11,14,22,0,11,28,40.2,62600,3988,69800,5326,79900,5769,768,70,282,93,20.7,2.7,10.5,3.2,NA,NA,46146,6672,NA,NA,NA,NA,NA,NA,NA,NA,NA,NA,NA,NA,852,111
"181410001002","Block Group 2, Census Tract 1, St. Joseph County, Indiana",742,192,349,58,294,57,55,36,215,50,79,40,0,11,12,20,15,25,0,11,34.8,29.9,55100,6018,64100,3790,72200,5702,706,82,279,42,13.5,2.6,10,NA,NA,NA,49375,20663,NA,NA,NA,NA,NA,NA,NA,NA,NA,NA,NA,NA,869,111
"181410004003","Block Group 3, Census Tract 4, St. Joseph County, Indiana",1141,247,531,80,437,78,94,57,227,65,210,69,0,11,0,11,0,11,0,11,50,NA,30500,17419,44000,9530,62100,11222,670,46,NA,NA,36,29.1,14.8,9.6,NA,NA,25714,12431,NA,NA,NA,NA,NA,NA,NA,NA,NA,NA,NA,NA,835,133
"181410004001","Block Group 1, Census Tract 4, St. Joseph County, Indiana",503,160,311,76,248,75,63,48,96,50,152,71,0,11,0,11,0,11,14,21,50,NA,32000,4173,50000,27509,65700,20353,839,285,322,85,15.4,31.5,16.6,4.6,NA,NA,NA,NA,NA,NA,NA,NA,NA,NA,NA,NA,NA,NA,NA,NA,743,152
"181410004002","Block Group 2, Census Tract 4, St. Joseph County, Indiana",464,267,255,78,108,47,147,72,58,26,50,38,30,34,0,11,16,25,22,34,50,NA,23500,3392,40000,37905,58100,13748,1083,405,454,38,26.7,26.3,12.5,2.8,NA,NA,NA,NA,NA,NA,NA,NA,NA,NA,NA,NA,NA,NA,NA,NA,865,94
"181410012003","Block Group 3, Census Tract 12, St. Joseph County, Indiana",824,132,327,35,313,35,14,15,290,37,23,17,0,11,0,11,0,11,0,11,NA,NA,96500,11237,160600,16749,245300,66513,1204,100,433,105,15.8,2.7,10,NA,NA,NA,103500,24057,NA,NA,NA,NA,NA,NA,NA,NA,NA,NA,NA,NA,NA,NA
"181410012002","Block Group 2, Census Tract 12, St. Joseph County, Indiana",650,137,272,38,254,40,18,28,247,42,7,12,0,11,0,11,0,11,0,11,NA,NA,112900,5932,139900,13485,189200,53715,1135,73,434,77,14.8,4.6,10,NA,NA,NA,105833,9899,NA,NA,NA,NA,NA,NA,NA,NA,NA,NA,NA,NA,NA,NA
"181410012001","Block Group 1, Census Tract 12, St. Joseph County, Indiana",875,160,366,45,332,44,34,37,278,43,54,32,0,11,0,11,0,11,0,11,22.9,14.7,95800,12951,120100,11112,180300,29580,1086,142,415,80,20.4,6.5,10,NA,NA,NA,64500,20919,NA,NA,NA,NA,NA,NA,NA,NA,NA,NA,NA,NA,1455,268
"181410017001","Block Group 1, Census Tract 17, St. Joseph County, Indiana",740,104,640,66,549,74,91,57,11,12,538,74,77,54,14,22,0,11,0,11,28.5,1.7,NA,NA,NA,NA,NA,NA,NA,NA,NA,NA,NA,NA,NA,NA,NA,NA,16250,14876,NA,NA,NA,NA,NA,NA,NA,NA,NA,NA,NA,NA,383,93
"181410020001","Block Group 1, Census Tract 20, St. Joseph County, Indiana",691,283,292,65,244,66,48,28,140,49,104,49,10,16,0,11,0,11,0,11,24.8,20.5,32500,22208,61800,21491,79200,68653,888,220,332,90,47.3,20.9,37.4,7.1,NA,NA,23125,15198,NA,NA,NA,NA,NA,NA,NA,NA,NA,NA,NA,NA,933,72
"181410017002","Block Group 2, Census Tract 17, St. Joseph County, Indiana",632,174,326,61,231,58,95,47,77,37,154,52,51,36,14,23,0,11,0,11,26.6,4.3,64600,33020,95800,16678,152100,60471,913,248,NA,NA,26.8,10.2,NA,NA,NA,NA,62708,47997,NA,NA,NA,NA,NA,NA,NA,NA,NA,NA,NA,NA,627,27
"181410020002","Block Group 2, Census Tract 20, St. Joseph County, Indiana",1173,208,534,73,494,76,40,38,12,9,482,78,40,38,0,11,0,11,0,11,28.4,5.9,28800,22842,44000,26028,65000,55476,640,190,NA,NA,23.8,3.1,NA,NA,NA,NA,10208,3808,NA,NA,NA,NA,NA,NA,NA,NA,NA,NA,NA,NA,241,39
"181410021002","Block Group 2, Census Tract 21, St. Joseph County, Indiana",952,296,408,84,279,83,129,58,106,54,173,86,32,36,0,11,15,24,0,11,28,35.4,20400,4845,25000,10940,43500,10641,444,56,246,199,18.3,44.3,15.8,11.6,NA,NA,NA,NA,NA,NA,NA,NA,NA,NA,NA,NA,NA,NA,NA,NA,784,63
"181410021001","Block Group 1, Census Tract 21, St. Joseph County, Indiana",621,266,255,83,206,80,49,43,112,54,94,71,17,28,0,11,0,11,0,11,50,NA,25300,13005,30200,4090,34400,17642,789,251,230,93,48.9,21.6,13.2,7.2,NA,NA,10671,7531,NA,NA,NA,NA,NA,NA,NA,NA,NA,NA,NA,NA,834,181
"181410022003","Block Group 3, Census Tract 22, St. Joseph County, Indiana",652,209,284,84,272,83,12,19,180,81,92,36,0,11,0,11,0,11,0,11,50,NA,27700,6004,42700,10058,60600,24744,771,40,252,176,24.2,12.3,10,NA,NA,NA,29773,17483,NA,NA,NA,NA,NA,NA,NA,NA,NA,NA,NA,NA,741,112
"181410022001","Block Group 1, Census Tract 22, St. Joseph County, Indiana",1043,286,360,67,291,66,69,32,144,54,147,59,10,16,0,11,0,11,0,11,20.1,7.2,30700,8694,46500,14020,66300,13397,787,760,240,157,33.8,13.1,11.1,3.1,NA,NA,36250,15163,NA,NA,NA,NA,NA,NA,NA,NA,NA,NA,NA,NA,738,76
"181410022002","Block Group 2, Census Tract 22, St. Joseph County, Indiana",654,247,199,50,133,42,66,40,106,41,27,21,9,15,11,19,0,11,10,14,48,22.5,26900,1891,29800,22899,63800,24454,755,168,386,231,22.5,5.5,10,NA,NA,NA,45815,2448,NA,NA,NA,NA,NA,NA,NA,NA,NA,NA,NA,NA,722,29
"181410022004","Block Group 4, Census Tract 22, St. Joseph County, Indiana",1040,298,263,54,231,50,32,26,170,44,61,41,9,14,0,11,10,16,0,11,23.6,7,28800,10090,42000,3997,48200,2948,689,160,283,19,21.9,9.8,10,NA,NA,NA,42083,4368,NA,NA,NA,NA,NA,NA,NA,NA,NA,NA,NA,NA,977,712
"181410102002","Block Group 2, Census Tract 102, St. Joseph County, Indiana",622,240,338,91,298,103,40,65,146,64,152,85,0,11,0,11,0,11,0,11,38.3,8.4,NA,NA,77200,12025,85900,8216,713,174,438,228,23.2,12.8,16.1,5.8,NA,NA,37768,13372,NA,NA,NA,NA,NA,NA,NA,NA,NA,NA,NA,NA,448,151
"181410102005","Block Group 5, Census Tract 102, St. Joseph County, Indiana",1496,316,754,117,709,114,45,57,538,105,171,107,0,11,0,11,34,54,0,11,43.2,23.6,65300,7464,78600,5336,117900,25997,851,60,299,40,18.4,3,11.7,5.5,NA,NA,59489,5516,NA,NA,NA,NA,NA,NA,NA,NA,NA,NA,NA,NA,760,81
"181410102003","Block Group 3, Census Tract 102, St. Joseph County, Indiana",765,299,393,122,293,94,100,89,217,90,76,52,64,73,0,11,36,57,0,11,28.8,4.7,52900,21614,80900,30301,88200,17103,866,164,NA,NA,38,17,NA,NA,NA,NA,62683,40962,NA,NA,NA,NA,NA,NA,NA,NA,NA,NA,NA,NA,563,45
"181410102004","Block Group 4, Census Tract 102, St. Joseph County, Indiana",1210,427,611,130,531,126,80,84,326,101,205,110,0,11,0,11,0,11,37,59,26,17.8,62800,4203,72600,11608,88300,8735,691,66,412,306,17.8,4.3,12.7,12.1,NA,NA,56157,43073,NA,NA,NA,NA,NA,NA,NA,NA,NA,NA,NA,NA,642,125
"181410121004","Block Group 4, Census Tract 121, St. Joseph County, Indiana",935,226,364,78,318,71,46,48,229,57,89,63,0,11,0,11,21,31,0,11,17.5,12.1,169000,25700,214500,84690,348600,64273,1296,191,360,51,21.9,2.8,18.8,83.3,NA,NA,66500,38408,NA,NA,NA,NA,NA,NA,NA,NA,NA,NA,NA,NA,775,577
"181410121003","Block Group 3, Census Tract 121, St. Joseph County, Indiana",969,201,409,61,385,59,24,23,167,41,218,47,8,13,0,11,8,13,8,13,32.9,11.4,68300,11042,87400,10105,119200,14294,918,92,360,34,18.1,4.3,13.3,9.6,NA,NA,28125,14564,NA,NA,NA,NA,NA,NA,NA,NA,NA,NA,NA,NA,408,249
"181410121002","Block Group 2, Census Tract 121, St. Joseph County, Indiana",641,154,314,62,287,59,27,22,265,60,22,18,0,11,0,11,8,12,0,11,36.1,19.6,81600,2781,89500,7157,117300,11646,873,177,368,31,17.3,2.2,11.2,2.8,NA,NA,65833,19959,NA,NA,NA,NA,NA,NA,NA,NA,NA,NA,NA,NA,644,46
"181410121001","Block Group 1, Census Tract 121, St. Joseph County, Indiana",1290,201,525,79,501,73,24,34,420,71,81,51,0,11,0,11,0,11,0,11,50,NA,93300,36056,175500,41246,224500,18461,1196,131,475,78,19.9,2.7,10,NA,NA,NA,75096,23138,NA,NA,NA,NA,NA,NA,NA,NA,NA,NA,NA,NA,1084,196
"181410031004","Block Group 4, Census Tract 31, St. Joseph County, Indiana",1329,438,430,131,285,92,145,102,142,65,143,77,52,62,0,11,0,11,0,11,40.5,44.3,34600,33789,74400,28250,NA,NA,1125,522,273,47,17.5,5.6,10,NA,NA,NA,57061,26084,NA,NA,NA,NA,NA,NA,NA,NA,NA,NA,NA,NA,720,48
"181410031003","Block Group 3, Census Tract 31, St. Joseph County, Indiana",431,191,228,88,228,88,0,11,158,76,70,45,0,11,0,11,0,11,0,11,32.1,23.1,28600,4630,33200,10538,51400,19582,594,356,341,63,16.7,7.9,14.1,5.7,NA,NA,38750,22873,NA,NA,NA,NA,NA,NA,NA,NA,NA,NA,NA,NA,936,366
"181410031005","Block Group 5, Census Tract 31, St. Joseph County, Indiana",595,188,323,96,259,73,64,70,158,55,101,66,0,11,0,11,0,11,0,11,41.2,22.5,37900,7340,53600,9184,65200,5678,705,105,NA,NA,18.1,4.8,NA,NA,NA,NA,40197,12358,NA,NA,NA,NA,NA,NA,NA,NA,NA,NA,NA,NA,707,424
"181410031002","Block Group 2, Census Tract 31, St. Joseph County, Indiana",723,299,390,106,248,94,142,106,134,56,114,88,73,81,0,11,0,11,0,11,44.1,8.1,36300,9406,55900,43595,86600,11160,832,112,302,73,14.5,33.9,10,NA,NA,NA,19738,7358,NA,NA,NA,NA,NA,NA,NA,NA,NA,NA,NA,NA,772,30
"181410031001","Block Group 1, Census Tract 31, St. Joseph County, Indiana",799,277,290,84,230,71,60,55,94,58,136,71,60,55,0,11,0,11,0,11,40.8,18.3,31300,23012,36400,7261,47000,14576,824,145,249,245,14.2,27.8,NA,NA,NA,NA,NA,NA,NA,NA,NA,NA,NA,NA,NA,NA,NA,NA,NA,NA,790,51
"181410113034","Block Group 4, Census Tract 113.03, St. Joseph County, Indiana",978,354,346,95,346,95,0,11,251,62,95,71,0,11,0,11,0,11,0,11,24.2,13.4,87200,10609,99500,15505,158500,60261,975,109,273,226,14.4,13.2,10,NA,NA,NA,44872,34949,NA,NA,NA,NA,NA,NA,NA,NA,NA,NA,NA,NA,792,81
"181410113035","Block Group 5, Census Tract 113.03, St. Joseph County, Indiana",840,260,292,88,276,87,16,27,238,81,38,50,0,11,0,11,0,11,0,11,NA,NA,86400,20551,112100,22970,136600,19547,865,277,238,47,18.4,1.7,10,NA,NA,NA,64778,21600,NA,NA,NA,NA,NA,NA,NA,NA,NA,NA,NA,NA,NA,NA
"181410113036","Block Group 6, Census Tract 113.03, St. Joseph County, Indiana",1575,392,734,164,684,151,50,80,409,83,275,122,0,11,0,11,0,11,0,11,27.8,3.5,92800,23581,135300,15622,159100,11305,880,95,333,42,18.5,3.5,10,NA,NA,NA,66111,19335,NA,NA,NA,NA,NA,NA,NA,NA,NA,NA,NA,NA,774,230
"181410113032","Block Group 2, Census Tract 113.03, St. Joseph County, Indiana",694,234,273,77,273,77,0,11,257,75,16,26,0,11,0,11,0,11,0,11,NA,NA,89800,8299,96400,7114,115000,27098,1072,147,181,22,23.1,9.5,10,NA,NA,NA,69702,18712,NA,NA,NA,NA,NA,NA,NA,NA,NA,NA,NA,NA,NA,NA
"181410113033","Block Group 3, Census Tract 113.03, St. Joseph County, Indiana",549,291,231,83,231,83,0,11,160,72,71,78,0,11,0,11,0,11,0,11,NA,NA,69300,16324,84700,12810,116300,89760,828,370,287,108,17.3,7,11.3,15.3,NA,NA,75234,64930,NA,NA,NA,NA,NA,NA,NA,NA,NA,NA,NA,NA,NA,NA
"181410113031","Block Group 1, Census Tract 113.03, St. Joseph County, Indiana",1273,315,643,116,513,98,130,111,458,97,55,42,0,11,0,11,0,11,0,11,15.3,42.9,68700,28041,106300,7261,121300,15213,782,132,311,65,23.4,8.6,10,NA,NA,NA,49286,12445,NA,NA,NA,NA,NA,NA,NA,NA,NA,NA,NA,NA,740,151
"181410122003","Block Group 3, Census Tract 122, St. Joseph County, Indiana",1003,161,399,52,368,50,31,28,267,43,101,39,11,17,0,11,0,11,0,11,28.5,6.6,70400,11230,97000,13824,142200,27228,882,78,363,29,17.3,1.9,12.9,6.9,NA,NA,66786,16462,NA,NA,NA,NA,NA,NA,NA,NA,NA,NA,NA,NA,687,50
"181410122001","Block Group 1, Census Tract 122, St. Joseph County, Indiana",1202,135,482,52,451,55,31,46,418,56,33,23,0,11,0,11,0,11,0,11,NA,NA,89400,19036,135000,16410,211600,44589,1035,151,383,44,21.2,5.1,14.1,4.5,NA,NA,66953,27453,NA,NA,NA,NA,NA,NA,NA,NA,NA,NA,NA,NA,NA,NA
"181410122002","Block Group 2, Census Tract 122, St. Joseph County, Indiana",881,146,421,56,398,57,23,26,270,50,128,43,0,11,0,11,0,11,10,16,24.1,8.2,74100,4239,88000,6612,113800,13658,920,94,341,36,21,4.5,10,NA,NA,NA,54688,14791,NA,NA,NA,NA,NA,NA,NA,NA,NA,NA,NA,NA,597,111
"181410010003","Block Group 3, Census Tract 10, St. Joseph County, Indiana",471,181,266,67,176,65,90,64,30,32,146,69,11,18,0,11,0,11,0,11,24.9,5.2,31500,836,33000,3799,34500,29466,NA,NA,192,75,NA,NA,17.8,3.3,NA,NA,16058,12138,NA,NA,NA,NA,NA,NA,NA,NA,NA,NA,NA,NA,904,137
"181410010004","Block Group 4, Census Tract 10, St. Joseph County, Indiana",581,146,416,99,245,68,171,92,133,45,112,51,0,11,30,36,0,11,0,11,26.8,23.8,71900,33915,106300,27389,260900,229890,1048,475,291,104,19.4,14.3,10,NA,NA,NA,118393,94185,NA,NA,NA,NA,NA,NA,NA,NA,NA,NA,NA,NA,913,214
"181410010002","Block Group 2, Census Tract 10, St. Joseph County, Indiana",693,279,386,79,209,64,177,88,113,39,96,54,28,35,0,11,0,11,0,11,28.6,13.1,38700,33813,77700,20188,111300,29171,944,430,357,65,35.3,15.7,21.4,13.7,NA,NA,30144,7606,NA,NA,NA,NA,NA,NA,NA,NA,NA,NA,NA,NA,825,147
"181410010001","Block Group 1, Census Tract 10, St. Joseph County, Indiana",1207,282,586,99,424,92,162,94,200,77,224,58,23,37,41,47,21,34,0,11,28.4,6.5,50900,16651,75400,17132,NA,NA,934,150,284,230,17.4,7.6,10,NA,NA,NA,39629,31377,NA,NA,NA,NA,NA,NA,NA,NA,NA,NA,NA,NA,936,369
"181410015001","Block Group 1, Census Tract 15, St. Joseph County, Indiana",351,106,341,81,200,58,141,76,152,50,48,52,110,62,0,11,31,49,0,11,50,NA,70000,14605,77500,4600,87100,8771,738,233,255,150,25,5.9,12.6,2.4,NA,NA,50395,31602,NA,NA,NA,NA,NA,NA,NA,NA,NA,NA,NA,NA,1043,764
"181410015003","Block Group 3, Census Tract 15, St. Joseph County, Indiana",798,257,321,78,286,82,35,42,162,65,124,60,0,11,0,11,35,42,0,11,28.6,20.6,59700,23082,74900,5267,92700,22486,827,58,273,36,13.4,1.2,10,NA,NA,NA,63155,13084,NA,NA,NA,NA,NA,NA,NA,NA,NA,NA,NA,NA,921,270
"181410015002","Block Group 2, Census Tract 15, St. Joseph County, Indiana",718,287,421,91,354,85,67,63,125,45,229,71,0,11,0,11,35,42,0,11,50,NA,45600,17869,70200,12320,79900,9401,960,78,202,126,26,17.6,16.3,10,NA,NA,NA,NA,NA,NA,NA,NA,NA,NA,NA,NA,NA,NA,NA,NA,679,197
"181410015004","Block Group 4, Census Tract 15, St. Joseph County, Indiana",798,238,399,77,298,62,101,69,173,60,125,64,39,55,0,11,0,11,0,11,50,NA,65100,3348,73800,9970,85400,5345,750,307,298,83,25,3.2,13.4,1.7,NA,NA,NA,NA,NA,NA,NA,NA,NA,NA,NA,NA,NA,NA,NA,NA,728,28
"181410027001","Block Group 1, Census Tract 27, St. Joseph County, Indiana",2058,264,424,36,284,46,140,39,184,39,100,34,26,22,0,11,0,11,35,26,33.3,5.8,25400,5237,41200,7476,50000,7443,719,130,338,83,31.8,2.2,10,NA,NA,NA,32031,6425,NA,NA,NA,NA,NA,NA,NA,NA,NA,NA,NA,NA,754,254
"181410105003","Block Group 3, Census Tract 105, St. Joseph County, Indiana",1433,334,444,70,419,68,25,39,328,60,91,64,0,11,0,11,25,39,0,11,16.5,30.4,81500,2513,88000,3123,111800,18261,965,91,356,77,21.5,3.4,10,NA,NA,NA,51944,11059,NA,NA,NA,NA,NA,NA,NA,NA,NA,NA,NA,NA,1008,187
"181410105002","Block Group 2, Census Tract 105, St. Joseph County, Indiana",961,271,529,84,434,105,95,67,287,91,147,55,25,39,0,11,17,30,0,11,39.6,11.4,95400,22575,174400,72519,216600,24532,1169,221,378,39,19.9,3.2,13.9,3.7,NA,NA,61429,38638,NA,NA,NA,NA,NA,NA,NA,NA,NA,NA,NA,NA,658,37
"181410105001","Block Group 1, Census Tract 105, St. Joseph County, Indiana",852,201,348,60,348,60,0,11,348,60,0,11,0,11,0,11,0,11,0,11,NA,NA,81900,13519,107800,25537,165700,14105,1086,136,338,68,22.4,6,11.6,9.1,NA,NA,73317,13316,NA,NA,NA,NA,NA,NA,NA,NA,NA,NA,NA,NA,NA,NA
"181410106001","Block Group 1, Census Tract 106, St. Joseph County, Indiana",601,154,375,82,304,76,71,60,212,55,92,65,0,11,0,11,0,11,0,11,23.6,5,55600,11180,68500,11325,86300,8167,875,50,292,55,21.1,4.9,10,NA,NA,NA,52566,11225,NA,NA,NA,NA,NA,NA,NA,NA,NA,NA,NA,NA,713,39
"181410106003","Block Group 3, Census Tract 106, St. Joseph County, Indiana",877,234,439,94,377,86,62,52,234,59,143,71,49,48,0,11,0,11,0,11,19.6,59.3,71400,9634,93300,28284,142800,17525,873,141,344,96,12.3,4.1,12.4,2.5,NA,NA,54962,13214,NA,NA,NA,NA,NA,NA,NA,NA,NA,NA,NA,NA,716,65
"181410106004","Block Group 4, Census Tract 106, St. Joseph County, Indiana",1628,269,547,94,466,95,81,65,177,52,289,85,24,40,0,11,0,11,0,11,38.6,15.6,71800,13712,84800,5589,110500,14830,798,205,283,79,16.3,3.2,16.6,8,NA,NA,53750,41161,NA,NA,NA,NA,NA,NA,NA,NA,NA,NA,NA,NA,617,27
"181410106002","Block Group 2, Census Tract 106, St. Joseph County, Indiana",474,148,270,84,190,61,80,71,113,56,77,51,0,11,29,42,0,11,0,11,50,NA,53500,5830,67900,20675,87800,44367,1063,591,262,83,24.2,7.4,10,NA,NA,NA,44464,19300,NA,NA,NA,NA,NA,NA,NA,NA,NA,NA,NA,NA,892,138
"181410108001","Block Group 1, Census Tract 108, St. Joseph County, Indiana",1015,162,451,66,440,63,11,17,326,51,114,52,0,11,0,11,11,17,0,11,27.2,2.8,114000,20034,169100,31165,254400,81326,1165,181,420,77,16.5,2.7,10,NA,NA,NA,83194,9461,NA,NA,NA,NA,NA,NA,NA,NA,NA,NA,NA,NA,335,83
"181410108002","Block Group 2, Census Tract 108, St. Joseph County, Indiana",660,170,300,54,252,52,48,34,156,46,96,41,9,15,0,11,10,15,0,11,28.6,4.4,68500,6731,82700,11115,105000,21986,904,253,335,37,22.5,5,11.5,5.8,NA,NA,35893,18386,NA,NA,NA,NA,NA,NA,NA,NA,NA,NA,NA,NA,538,72
"181410108003","Block Group 3, Census Tract 108, St. Joseph County, Indiana",1925,261,648,80,636,77,12,18,558,69,78,35,0,11,0,11,0,11,0,11,22.2,4.5,122900,13699,165600,10928,193100,6642,1124,91,396,54,17.6,2.3,10,NA,NA,NA,77411,8839,NA,NA,NA,NA,NA,NA,NA,NA,NA,NA,NA,NA,881,168
"181410108004","Block Group 4, Census Tract 108, St. Joseph County, Indiana",975,196,399,73,323,58,76,66,285,61,38,24,0,11,0,11,0,11,0,11,18.8,25.2,109700,19149,178700,19590,242000,46942,1135,143,408,64,17.9,2.2,10,NA,NA,NA,83261,7938,NA,NA,NA,NA,NA,NA,NA,NA,NA,NA,NA,NA,713,235
"181410110001","Block Group 1, Census Tract 110, St. Joseph County, Indiana",2404,313,940,111,940,111,0,11,910,114,30,35,0,11,0,11,0,11,0,11,NA,NA,125700,11330,141500,5401,168400,13724,1128,73,320,37,17.9,4.7,10,NA,NA,NA,85640,12392,NA,NA,NA,NA,NA,NA,NA,NA,NA,NA,NA,NA,NA,NA
"181410110003","Block Group 3, Census Tract 110, St. Joseph County, Indiana",551,219,353,109,285,74,68,94,273,74,12,19,0,11,0,11,0,11,0,11,NA,NA,76100,8058,89300,29935,121600,16896,968,66,257,50,16.5,22.8,23.8,28.5,NA,NA,NA,NA,NA,NA,NA,NA,NA,NA,NA,NA,NA,NA,NA,NA,NA,NA
"181410110002","Block Group 2, Census Tract 110, St. Joseph County, Indiana",1659,274,645,110,645,110,0,11,622,117,23,32,0,11,0,11,0,11,0,11,NA,NA,141000,10849,186600,31299,273600,26072,1212,154,464,142,14.9,2.5,10,NA,NA,NA,85417,24980,NA,NA,NA,NA,NA,NA,NA,NA,NA,NA,NA,NA,NA,NA
"181410115011","Block Group 1, Census Tract 115.01, St. Joseph County, Indiana",2353,282,1916,266,1250,211,666,205,41,39,1209,214,666,205,0,11,0,11,0,11,31.4,11.9,10100,9451,NA,NA,26800,20236,NA,NA,421,180,NA,NA,NA,NA,NA,NA,NA,NA,NA,NA,NA,NA,NA,NA,NA,NA,NA,NA,NA,NA,695,159
"181410115012","Block Group 2, Census Tract 115.01, St. Joseph County, Indiana",1326,297,912,153,812,158,100,84,191,99,621,172,42,53,42,65,0,11,0,11,32.2,6.5,63200,8585,73500,67705,117200,20321,841,612,235,47,12.9,0.8,10,NA,NA,NA,43580,20021,NA,NA,NA,NA,NA,NA,NA,NA,NA,NA,NA,NA,570,86
"181410014002","Block Group 2, Census Tract 14, St. Joseph County, Indiana",676,238,369,81,297,71,72,67,243,82,54,53,23,42,0,11,37,52,0,11,29.7,27,48400,17197,73800,15216,86300,33458,867,301,283,15,17.9,1.1,13.1,9.8,NA,NA,55282,22272,NA,NA,NA,NA,NA,NA,NA,NA,NA,NA,NA,NA,631,119
"181410014003","Block Group 3, Census Tract 14, St. Joseph County, Indiana",467,134,363,89,297,84,66,51,263,77,34,37,18,29,0,11,31,37,0,11,35.8,31.8,59700,6905,67300,8499,91900,20628,799,78,185,44,21.7,3.7,11.8,2.5,NA,NA,50625,16799,NA,NA,NA,NA,NA,NA,NA,NA,NA,NA,NA,NA,793,119
"181410014004","Block Group 4, Census Tract 14, St. Joseph County, Indiana",1367,367,685,104,571,109,114,74,202,61,369,116,44,49,0,11,0,11,0,11,26.7,22.1,53500,6807,62800,6871,71900,7046,737,149,277,12,21.2,4,13.3,2.9,NA,NA,27250,25105,NA,NA,NA,NA,NA,NA,NA,NA,NA,NA,NA,NA,703,112
"181410014001","Block Group 1, Census Tract 14, St. Joseph County, Indiana",554,338,240,85,190,71,50,54,129,67,61,36,17,28,0,11,0,11,0,11,22.4,7.8,49000,22789,75700,16769,105800,28718,1038,619,336,76,22.2,2.5,11.7,4,NA,NA,78542,1194,NA,NA,NA,NA,NA,NA,NA,NA,NA,NA,NA,NA,771,44
"181410029001","Block Group 1, Census Tract 29, St. Joseph County, Indiana",1188,208,426,30,332,42,94,38,171,52,161,53,25,22,8,12,8,12,0,11,50,NA,43600,3640,54600,27695,98300,22904,1054,253,374,87,22.8,3.2,13.4,6.6,NA,NA,38218,2658,NA,NA,NA,NA,NA,NA,NA,NA,NA,NA,NA,NA,658,44
"181410013002","Block Group 2, Census Tract 13, St. Joseph County, Indiana",823,161,426,74,426,74,0,11,402,72,24,26,0,11,0,11,0,11,0,11,NA,NA,20200,5004,NA,NA,94200,10403,974,125,398,93,20.3,6,10,NA,NA,NA,57829,16887,NA,NA,NA,NA,NA,NA,NA,NA,NA,NA,NA,NA,NA,NA
"181410013001","Block Group 1, Census Tract 13, St. Joseph County, Indiana",1371,292,953,87,608,108,345,100,156,41,452,108,301,97,44,47,0,11,0,11,29,6.4,62200,28141,87200,21484,135200,20985,995,186,275,254,22.3,6.4,10,NA,NA,NA,49821,6885,NA,NA,NA,NA,NA,NA,NA,NA,NA,NA,NA,NA,740,46
"181410109004","Block Group 4, Census Tract 109, St. Joseph County, Indiana",2987,432,1328,155,1255,158,73,81,1207,154,48,64,0,11,0,11,0,11,0,11,NA,NA,124300,15817,177700,28951,252400,39589,1410,116,278,111,16.8,2.8,10,NA,NA,NA,112313,22220,NA,NA,NA,NA,NA,NA,NA,NA,NA,NA,NA,NA,NA,NA
"181410109001","Block Group 1, Census Tract 109, St. Joseph County, Indiana",1101,334,493,109,456,109,37,56,402,100,54,70,0,11,0,11,0,11,0,11,NA,NA,104500,59420,150000,26547,172600,15052,930,108,339,63,19.8,6.7,10,NA,NA,NA,73984,37562,NA,NA,NA,NA,NA,NA,NA,NA,NA,NA,NA,NA,NA,NA
"181410109002","Block Group 2, Census Tract 109, St. Joseph County, Indiana",1460,270,623,111,546,102,77,79,534,102,12,20,0,11,0,11,0,11,39,60,NA,NA,83600,11212,114100,30860,176500,29594,966,109,282,46,20.6,6.8,10.3,2.6,NA,NA,62833,30521,NA,NA,NA,NA,NA,NA,NA,NA,NA,NA,NA,NA,NA,NA
"181410109003","Block Group 3, Census Tract 109, St. Joseph County, Indiana",2286,395,878,108,878,108,0,11,787,91,91,88,0,11,0,11,0,11,0,11,NA,NA,110500,12874,140600,8818,174400,35308,986,110,322,26,15.3,3.8,10,NA,NA,NA,67813,14953,NA,NA,NA,NA,NA,NA,NA,NA,NA,NA,NA,NA,NA,NA
"181410115031","Block Group 1, Census Tract 115.03, St. Joseph County, Indiana",1339,163,511,52,485,51,26,28,415,66,70,40,0,11,0,11,16,24,10,17,19.5,91.5,88900,5713,126400,21470,233700,70386,970,89,316,79,17.9,2.3,11.2,2.4,NA,NA,59571,13465,NA,NA,NA,NA,NA,NA,NA,NA,NA,NA,NA,NA,599,556
"181410115032","Block Group 2, Census Tract 115.03, St. Joseph County, Indiana",565,130,300,45,275,46,25,25,256,47,19,24,0,11,0,11,0,11,5,8,NA,NA,80300,8513,92500,16450,156800,38966,966,182,298,101,28.1,17.6,15.7,12.9,NA,NA,57250,25820,NA,NA,NA,NA,NA,NA,NA,NA,NA,NA,NA,NA,NA,NA
"181410119001","Block Group 1, Census Tract 119, St. Joseph County, Indiana",1075,284,438,83,373,70,65,67,339,74,34,37,0,11,0,11,0,11,65,67,NA,NA,118700,13225,138300,7027,162400,18412,1020,206,341,41,15.8,3,10,NA,NA,NA,74306,29065,NA,NA,NA,NA,NA,NA,NA,NA,NA,NA,NA,NA,NA,NA
"181410119002","Block Group 2, Census Tract 119, St. Joseph County, Indiana",1289,289,622,122,523,92,99,84,439,76,84,71,0,11,0,11,0,11,28,43,14.6,67.5,120800,34846,209600,41318,289800,59585,1377,141,497,68,19.4,3.4,10,NA,NA,NA,89250,17980,NA,NA,NA,NA,NA,NA,NA,NA,NA,NA,NA,NA,NA,NA
"181410119003","Block Group 3, Census Tract 119, St. Joseph County, Indiana",1862,343,783,128,776,129,7,12,630,121,146,75,0,11,0,11,0,11,7,12,17.5,2.4,81300,70062,128400,20050,185700,30116,1158,192,495,119,20.6,3.3,10.9,7.8,NA,NA,66607,8888,NA,NA,NA,NA,NA,NA,NA,NA,NA,NA,NA,NA,1010,542
"181410123004","Block Group 4, Census Tract 123, St. Joseph County, Indiana",649,177,225,55,193,47,32,45,193,47,0,11,0,11,0,11,0,11,0,11,NA,NA,100800,14292,137500,34832,243800,140890,1042,254,394,45,19.7,16.2,15.1,11.4,NA,NA,48250,21893,NA,NA,NA,NA,NA,NA,NA,NA,NA,NA,NA,NA,NA,NA
"181410123001","Block Group 1, Census Tract 123, St. Joseph County, Indiana",862,206,360,56,344,55,16,22,266,46,78,33,2,3,0,11,0,11,0,11,20.9,3.4,94800,10673,157800,59806,282100,99398,1129,196,336,50,22.7,4,10.9,3.2,NA,NA,87875,19178,NA,NA,NA,NA,NA,NA,NA,NA,NA,NA,NA,NA,733,61
"181410123002","Block Group 2, Census Tract 123, St. Joseph County, Indiana",1258,194,465,68,432,57,33,39,410,58,22,22,0,11,0,11,9,13,0,11,NA,NA,139600,24531,192300,50110,318300,94144,1445,155,409,139,17.8,2.3,12.9,2.2,NA,NA,73500,31350,NA,NA,NA,NA,NA,NA,NA,NA,NA,NA,NA,NA,NA,NA
"181410123003","Block Group 3, Census Tract 123, St. Joseph County, Indiana",888,161,493,78,396,65,97,43,258,43,138,47,32,23,8,13,0,11,0,11,27.1,19.8,74800,9147,94600,10396,139400,33992,927,31,344,50,18.1,2.1,21,7,NA,NA,56635,12699,NA,NA,NA,NA,NA,NA,NA,NA,NA,NA,NA,NA,765,81
"181410006003","Block Group 3, Census Tract 6, St. Joseph County, Indiana",483,148,200,47,155,45,45,35,81,26,74,47,13,20,0,11,0,11,10,17,34.1,41.6,43700,8912,72000,19531,79500,7303,833,155,313,40,19,5.3,15.4,7.6,NA,NA,28000,10519,NA,NA,NA,NA,NA,NA,NA,NA,NA,NA,NA,NA,563,178
"181410006001","Block Group 1, Census Tract 6, St. Joseph County, Indiana",998,230,417,74,299,61,118,53,173,48,126,58,24,28,0,11,11,18,11,18,22.5,2.5,32200,2420,51200,12981,66700,9204,700,132,313,102,18.1,4.2,23.3,18,NA,NA,53889,14617,NA,NA,NA,NA,NA,NA,NA,NA,NA,NA,NA,NA,951,65
"181410006002","Block Group 2, Census Tract 6, St. Joseph County, Indiana",893,323,384,67,261,70,123,49,59,31,202,63,11,18,0,11,10,17,11,18,38.8,12.2,29900,22202,58600,16076,67800,7134,771,67,344,81,28.2,10.2,10,NA,NA,NA,24375,3303,NA,NA,NA,NA,NA,NA,NA,NA,NA,NA,NA,NA,822,109
"181410023002","Block Group 2, Census Tract 23, St. Joseph County, Indiana",758,223,369,78,312,78,57,46,107,53,205,74,29,32,0,11,0,11,0,11,47.6,23,33300,8385,45000,7158,86400,34597,660,119,311,44,16.9,4.1,10,NA,NA,NA,26200,12570,NA,NA,NA,NA,NA,NA,NA,NA,NA,NA,NA,NA,733,155
"181410023001","Block Group 1, Census Tract 23, St. Joseph County, Indiana",656,161,377,70,286,62,91,54,162,53,124,48,30,33,0,11,15,25,0,11,21.8,4,33100,6228,43800,6254,NA,NA,795,786,233,93,19.7,24.2,18.4,21.2,NA,NA,30625,26592,NA,NA,NA,NA,NA,NA,NA,NA,NA,NA,NA,NA,438,167
"181410024003","Block Group 3, Census Tract 24, St. Joseph County, Indiana",1269,335,461,74,372,76,89,45,128,42,244,74,27,29,9,13,34,23,11,17,31.9,9.5,33900,8795,45800,9741,57600,19551,622,65,200,74,20,4.1,10.4,4.3,NA,NA,35575,3809,NA,NA,NA,NA,NA,NA,NA,NA,NA,NA,NA,NA,900,43
"181410024002","Block Group 2, Census Tract 24, St. Joseph County, Indiana",896,254,386,69,281,61,105,57,157,47,124,55,29,32,0,11,8,13,18,27,41.4,6.4,36800,4557,44100,7774,56800,8411,713,74,222,43,22.9,4.9,11.3,6.3,NA,NA,25921,13443,NA,NA,NA,NA,NA,NA,NA,NA,NA,NA,NA,NA,796,67
"181410024001","Block Group 1, Census Tract 24, St. Joseph County, Indiana",880,263,323,67,285,75,38,29,156,55,129,58,0,11,0,11,10,15,10,15,45.5,11.9,24800,5370,36800,16203,48400,5740,706,74,333,21,16.3,5,10,NA,NA,NA,32188,31045,NA,NA,NA,NA,NA,NA,NA,NA,NA,NA,NA,NA,754,42
"181410028002","Block Group 2, Census Tract 28, St. Joseph County, Indiana",909,215,452,90,391,86,61,53,280,75,111,77,22,34,0,11,21,31,0,11,27.2,10.8,34900,5467,49100,10231,80300,37115,679,52,224,40,22,8,10,NA,NA,NA,35341,20692,NA,NA,NA,NA,NA,NA,NA,NA,NA,NA,NA,NA,630,455
"181410028001","Block Group 1, Census Tract 28, St. Joseph County, Indiana",1359,284,549,77,455,75,94,61,222,67,233,70,20,31,0,11,0,11,0,11,42.7,13.3,38700,6735,65000,21590,85100,5515,928,166,411,233,21.2,4.5,16.5,6.1,NA,NA,43088,21155,NA,NA,NA,NA,NA,NA,NA,NA,NA,NA,NA,NA,657,49
"181410113014","Block Group 4, Census Tract 113.01, St. Joseph County, Indiana",1431,357,675,144,610,132,65,81,290,69,320,134,0,11,17,30,0,11,0,11,50,NA,74200,3947,103300,26410,153100,42599,885,85,220,195,15.3,4.5,10,NA,NA,NA,NA,NA,NA,NA,NA,NA,NA,NA,NA,NA,NA,NA,NA,NA,573,28
"181410113012","Block Group 2, Census Tract 113.01, St. Joseph County, Indiana",590,137,319,88,263,59,56,74,171,45,92,50,0,11,49,74,0,11,0,11,13,11.3,105500,5823,118100,7327,156000,32520,1090,76,461,103,19.2,5,10,NA,NA,NA,108056,22957,NA,NA,NA,NA,NA,NA,NA,NA,NA,NA,NA,NA,690,240
"181410113015","Block Group 5, Census Tract 113.01, St. Joseph County, Indiana",1282,314,733,138,609,126,124,81,362,96,247,103,0,11,0,11,0,11,0,11,35.3,22.2,NA,NA,78800,29013,124700,36047,753,219,458,58,19,11.5,14.4,10.2,NA,NA,NA,NA,NA,NA,NA,NA,NA,NA,NA,NA,NA,NA,NA,NA,1011,218
"181410113011","Block Group 1, Census Tract 113.01, St. Joseph County, Indiana",1595,343,649,131,584,111,65,89,491,100,93,71,0,11,0,11,12,20,0,11,21.8,30.7,100800,10468,110200,3270,119700,3071,804,74,361,64,20.1,5.3,10,NA,NA,NA,63778,9428,NA,NA,NA,NA,NA,NA,NA,NA,NA,NA,NA,NA,1145,61
"181410113013","Block Group 3, Census Tract 113.01, St. Joseph County, Indiana",1223,261,1244,220,790,173,454,188,135,73,655,164,103,109,170,135,150,135,0,11,38.1,10.7,79000,12894,NA,NA,NA,NA,791,554,NA,NA,19.5,13.9,12.8,8.8,NA,NA,50250,20524,NA,NA,NA,NA,NA,NA,NA,NA,NA,NA,NA,NA,883,131
"181410113022","Block Group 2, Census Tract 113.02, St. Joseph County, Indiana",1080,258,485,85,465,83,20,33,458,83,7,13,0,11,0,11,20,33,0,11,NA,NA,115400,25414,178100,16293,226000,26116,1357,120,356,81,17.9,2.5,10,NA,NA,NA,84792,20895,NA,NA,NA,NA,NA,NA,NA,NA,NA,NA,NA,NA,NA,NA
"181410113021","Block Group 1, Census Tract 113.02, St. Joseph County, Indiana",2313,412,1087,143,1007,143,80,76,815,121,192,100,36,57,0,11,44,46,0,11,25.9,10.3,104500,13232,133800,7109,158100,13952,951,88,424,28,18.2,2.1,10.7,2.6,NA,NA,80497,8500,NA,NA,NA,NA,NA,NA,NA,NA,NA,NA,NA,NA,867,79
"181410113023","Block Group 3, Census Tract 113.02, St. Joseph County, Indiana",2076,560,1122,137,893,160,229,120,367,88,526,142,146,102,45,70,0,11,0,11,28.2,5.6,121500,15142,140400,10655,160300,12117,965,120,337,24,17.4,2.4,10,NA,NA,NA,59054,17589,NA,NA,NA,NA,NA,NA,NA,NA,NA,NA,NA,NA,754,56
"181410002003","Block Group 3, Census Tract 2, St. Joseph County, Indiana",1043,457,519,127,348,126,171,94,97,60,251,126,0,11,0,11,0,11,64,70,40.3,10.7,35200,10335,46600,23459,63800,18275,NA,NA,256,46,NA,NA,10.8,3.6,NA,NA,30187,4412,NA,NA,NA,NA,NA,NA,NA,NA,NA,NA,NA,NA,748,198
"181410002002","Block Group 2, Census Tract 2, St. Joseph County, Indiana",846,312,362,106,320,104,42,48,207,100,113,82,0,11,0,11,0,11,0,11,29.8,31.6,42400,6075,NA,NA,117800,16491,694,279,413,282,19.5,28.3,16.7,20.8,NA,NA,NA,NA,NA,NA,NA,NA,NA,NA,NA,NA,NA,NA,NA,NA,775,13
"181410002004","Block Group 4, Census Tract 2, St. Joseph County, Indiana",753,431,194,65,194,65,0,11,166,68,28,27,0,11,0,11,0,11,0,11,19.4,42.7,47300,8220,56500,9163,66900,22689,734,43,462,47,14.3,15.8,12.1,10.5,NA,NA,57321,26922,NA,NA,NA,NA,NA,NA,NA,NA,NA,NA,NA,NA,321,262
"181410002001","Block Group 1, Census Tract 2, St. Joseph County, Indiana",1040,320,467,99,371,93,96,66,186,62,185,85,42,48,0,11,0,11,0,11,23.4,13.8,67500,21727,91300,13024,118100,70232,1088,114,293,115,22.4,3.8,11.3,3.8,NA,NA,58526,11572,NA,NA,NA,NA,NA,NA,NA,NA,NA,NA,NA,NA,877,133
"181410003011","Block Group 1, Census Tract 3.01, St. Joseph County, Indiana",971,237,516,84,426,78,90,73,97,51,329,80,0,11,6,9,31,48,0,11,32.8,5.5,32100,2140,41900,29500,66000,22265,678,61,NA,NA,17.6,3.4,NA,NA,NA,NA,NA,NA,NA,NA,NA,NA,NA,NA,NA,NA,NA,NA,NA,NA,813,50
"181410003013","Block Group 3, Census Tract 3.01, St. Joseph County, Indiana",1065,241,456,72,456,72,0,11,287,63,169,80,0,11,0,11,0,11,0,11,49.5,30,72200,3174,79600,5644,95500,6457,908,72,344,57,25.1,9.7,10,NA,NA,NA,42813,23403,NA,NA,NA,NA,NA,NA,NA,NA,NA,NA,NA,NA,910,83
"181410003012","Block Group 2, Census Tract 3.01, St. Joseph County, Indiana",426,127,221,52,195,49,26,39,155,45,40,29,26,39,0,11,0,11,0,11,37.5,34.1,71100,33488,85000,11394,110600,30179,813,169,383,43,16.1,7.1,10,NA,NA,NA,68571,16200,NA,NA,NA,NA,NA,NA,NA,NA,NA,NA,NA,NA,NA,NA
"181410009002","Block Group 2, Census Tract 9, St. Joseph County, Indiana",401,106,281,43,195,37,86,45,58,21,137,36,20,25,19,21,17,26,0,11,31.8,10,NA,NA,61300,22580,131300,105849,NA,NA,304,234,16.3,12.6,10.3,5.1,NA,NA,39286,23101,NA,NA,NA,NA,NA,NA,NA,NA,NA,NA,NA,NA,823,49
"181410009001","Block Group 1, Census Tract 9, St. Joseph County, Indiana",670,123,422,52,323,62,99,57,56,22,267,64,16,26,33,36,0,11,0,11,32.1,7.2,80800,30788,105000,36778,141700,32045,792,152,405,133,18.9,7.5,10.4,22.7,NA,NA,61528,19939,NA,NA,NA,NA,NA,NA,NA,NA,NA,NA,NA,NA,972,103
"181410116022","Block Group 2, Census Tract 116.02, St. Joseph County, Indiana",1351,303,572,99,542,95,30,34,408,89,134,94,0,11,0,11,0,11,0,11,26.5,13.7,76300,18385,96000,4114,118600,10704,988,186,247,34,18.1,3.4,10,NA,NA,NA,68375,21191,NA,NA,NA,NA,NA,NA,NA,NA,NA,NA,NA,NA,647,523
"181410005001","Block Group 1, Census Tract 5, St. Joseph County, Indiana",591,213,371,79,221,62,150,71,144,49,77,42,34,38,0,11,0,11,20,32,26.6,14.7,35000,17547,48500,9109,83800,28402,857,77,378,59,30.8,12.6,15.4,16.3,NA,NA,34531,14338,NA,NA,NA,NA,NA,NA,NA,NA,NA,NA,NA,NA,742,64
"181410005002","Block Group 2, Census Tract 5, St. Joseph County, Indiana",747,202,376,78,299,71,77,56,191,50,108,63,0,11,20,31,0,11,39,42,38.5,39.1,41200,5335,51900,8611,66600,6928,772,140,275,136,22.9,3,12.8,2.9,NA,NA,35682,21318,NA,NA,NA,NA,NA,NA,NA,NA,NA,NA,NA,NA,980,174
"181410019001","Block Group 1, Census Tract 19, St. Joseph County, Indiana",359,138,188,63,171,61,17,27,92,50,79,42,0,11,0,11,0,11,0,11,28.4,29.3,NA,NA,75800,10497,NA,NA,957,493,372,130,12.8,1.2,21.4,28.4,NA,NA,79000,16111,NA,NA,NA,NA,NA,NA,NA,NA,NA,NA,NA,NA,469,260
"181410019002","Block Group 2, Census Tract 19, St. Joseph County, Indiana",934,285,431,79,320,76,111,54,87,40,233,81,78,44,0,11,0,11,0,11,37.3,8,NA,NA,82100,48579,130200,55088,904,278,300,110,21.1,9.2,13.3,9.9,NA,NA,27132,12831,NA,NA,NA,NA,NA,NA,NA,NA,NA,NA,NA,NA,712,64
"181410032004","Block Group 4, Census Tract 32, St. Joseph County, Indiana",909,166,397,70,361,65,36,40,332,65,29,26,0,11,0,11,0,11,0,11,NA,NA,110500,34527,188000,82646,369700,39730,1367,449,888,411,17.3,3.6,10,NA,NA,NA,106806,14010,NA,NA,NA,NA,NA,NA,NA,NA,NA,NA,NA,NA,NA,NA
"181410032001","Block Group 1, Census Tract 32, St. Joseph County, Indiana",1224,382,494,80,422,79,72,61,335,67,87,69,0,11,0,11,7,10,24,36,38.4,19.1,73300,4656,85900,8578,98700,7448,857,33,227,173,20.9,4,11.1,2.3,NA,NA,45781,16682,NA,NA,NA,NA,NA,NA,NA,NA,NA,NA,NA,NA,1056,234
"181410032005","Block Group 5, Census Tract 32, St. Joseph County, Indiana",719,205,227,61,227,61,0,11,217,64,10,15,0,11,0,11,0,11,0,11,NA,NA,75200,15046,103300,21853,124500,44469,972,128,324,33,21.6,2.7,10,NA,NA,NA,56094,17128,NA,NA,NA,NA,NA,NA,NA,NA,NA,NA,NA,NA,NA,NA
"181410032002","Block Group 2, Census Tract 32, St. Joseph County, Indiana",1506,303,524,64,524,64,0,11,486,70,38,43,0,11,0,11,0,11,0,11,NA,NA,82500,9791,110200,8599,138000,10397,970,145,361,52,20.3,3.5,10,NA,NA,NA,86111,14992,NA,NA,NA,NA,NA,NA,NA,NA,NA,NA,NA,NA,NA,NA
"181410032003","Block Group 3, Census Tract 32, St. Joseph County, Indiana",912,197,396,81,358,72,38,46,276,64,82,58,0,11,0,11,0,11,30,45,13.4,2.1,74500,2831,83700,7126,97600,7304,818,80,312,27,13.2,1.2,10,NA,NA,NA,57935,10572,NA,NA,NA,NA,NA,NA,NA,NA,NA,NA,NA,NA,480,127
"181410033001","Block Group 1, Census Tract 33, St. Joseph County, Indiana",675,229,292,69,271,75,21,32,234,63,37,33,21,32,0,11,0,11,0,11,35.8,18.9,67000,6246,81600,8677,95100,8986,842,83,437,190,19.9,15.5,10,NA,NA,NA,70500,35299,NA,NA,NA,NA,NA,NA,NA,NA,NA,NA,NA,NA,905,257
"181410033003","Block Group 3, Census Tract 33, St. Joseph County, Indiana",319,163,187,58,145,52,42,46,87,42,58,48,0,11,0,11,23,39,0,11,25.6,9.6,62700,6488,70100,6781,76000,4884,764,182,279,203,12.4,1.2,17.1,11.4,NA,NA,53920,34207,NA,NA,NA,NA,NA,NA,NA,NA,NA,NA,NA,NA,472,230
"181410033004","Block Group 4, Census Tract 33, St. Joseph County, Indiana",950,391,380,77,269,86,111,78,104,33,165,88,60,74,51,67,0,11,0,11,23.4,42.3,44800,10312,55800,9395,65600,6966,704,296,362,178,19.1,6.2,18.2,8.2,NA,NA,45000,39517,NA,NA,NA,NA,NA,NA,NA,NA,NA,NA,NA,NA,913,66
"181410033002","Block Group 2, Census Tract 33, St. Joseph County, Indiana",1022,361,401,75,333,87,68,67,254,66,79,65,0,11,0,11,40,60,0,11,14.4,5.6,64600,2162,72300,12599,94200,6898,883,87,341,152,17.3,4.9,10.3,2.8,NA,NA,78177,26142,NA,NA,NA,NA,NA,NA,NA,NA,NA,NA,NA,NA,1120,62
"181410111001","Block Group 1, Census Tract 111, St. Joseph County, Indiana",1109,417,565,130,474,139,91,60,270,80,204,113,0,11,0,11,0,11,0,11,22.7,1.3,55200,16708,66800,7072,76700,4691,696,163,232,113,19.2,5.3,12.4,5.9,NA,NA,35033,20515,NA,NA,NA,NA,NA,NA,NA,NA,NA,NA,NA,NA,563,189
"181410111002","Block Group 2, Census Tract 111, St. Joseph County, Indiana",1520,267,588,75,528,70,60,43,458,82,70,48,0,11,0,11,0,11,0,11,50,NA,72200,8754,82700,4277,96300,22651,824,63,241,23,16.8,1.7,10,NA,NA,NA,57105,12947,NA,NA,NA,NA,NA,NA,NA,NA,NA,NA,NA,NA,843,129
"181410111003","Block Group 3, Census Tract 111, St. Joseph County, Indiana",966,322,336,97,317,93,19,31,277,91,40,40,0,11,0,11,0,11,19,31,NA,NA,9999,NA,76000,13278,118800,25013,714,304,344,332,11.3,7.1,17.4,11.3,NA,NA,34479,10778,NA,NA,NA,NA,NA,NA,NA,NA,NA,NA,NA,NA,NA,NA
"181410111004","Block Group 4, Census Tract 111, St. Joseph County, Indiana",272,118,139,55,139,55,0,11,93,39,46,49,0,11,0,11,0,11,0,11,NA,NA,9999,NA,9999,NA,68000,55011,NA,NA,388,62,NA,NA,11.6,21.4,NA,NA,NA,NA,NA,NA,NA,NA,NA,NA,NA,NA,NA,NA,NA,NA,NA,NA
"181410111005","Block Group 5, Census Tract 111, St. Joseph County, Indiana",646,210,351,83,290,79,61,52,256,74,34,35,0,11,0,11,0,11,0,11,NA,NA,72100,14721,82700,10941,97000,8140,746,89,304,68,13.4,1.3,10,NA,NA,NA,70325,4713,NA,NA,NA,NA,NA,NA,NA,NA,NA,NA,NA,NA,NA,NA
"181410120001","Block Group 1, Census Tract 120, St. Joseph County, Indiana",1262,228,559,78,533,80,26,40,461,68,72,60,0,11,0,11,0,11,26,40,13.3,20.6,102700,12780,139100,13512,202700,51885,1010,175,335,31,18,1.7,10.7,3.1,NA,NA,73233,11170,NA,NA,NA,NA,NA,NA,NA,NA,NA,NA,NA,NA,NA,NA
"181410120003","Block Group 3, Census Tract 120, St. Joseph County, Indiana",1035,264,406,63,381,59,25,22,381,59,0,11,14,22,0,11,0,11,0,11,NA,NA,124700,23938,167700,15730,259200,36135,1220,276,366,83,20.6,7.2,10,NA,NA,NA,74954,8167,NA,NA,NA,NA,NA,NA,NA,NA,NA,NA,NA,NA,NA,NA
"181410120002","Block Group 2, Census Tract 120, St. Joseph County, Indiana",943,244,372,68,363,68,9,14,336,59,27,39,0,11,0,11,0,11,9,14,NA,NA,91200,13448,118200,27309,162000,7889,1087,183,281,46,21.2,6.9,10,NA,NA,NA,75774,11347,NA,NA,NA,NA,NA,NA,NA,NA,NA,NA,NA,NA,NA,NA
"181410107001","Block Group 1, Census Tract 107, St. Joseph County, Indiana",1074,265,419,75,395,77,24,40,288,74,107,82,0,11,0,11,0,11,0,11,24.7,7.7,62900,59728,94800,16060,145700,48434,1020,274,NA,NA,16.1,3.3,10,NA,NA,NA,51400,36138,NA,NA,NA,NA,NA,NA,NA,NA,NA,NA,NA,NA,832,38
"181410120004","Block Group 4, Census Tract 120, St. Joseph County, Indiana",610,189,248,69,222,57,26,41,215,57,7,11,0,11,0,11,0,11,26,41,NA,NA,112700,7615,134200,18789,177300,26244,934,247,343,56,10,NA,10,NA,NA,NA,75347,33742,NA,NA,NA,NA,NA,NA,NA,NA,NA,NA,NA,NA,NA,NA
"181410107004","Block Group 4, Census Tract 107, St. Joseph County, Indiana",578,165,325,76,300,82,25,37,169,63,131,69,25,37,0,11,0,11,0,11,50,NA,61200,9071,72000,19355,97500,54302,790,291,248,179,23.1,3.3,11.2,3.5,NA,NA,35417,33362,NA,NA,NA,NA,NA,NA,NA,NA,NA,NA,NA,NA,847,114
"181410107005","Block Group 5, Census Tract 107, St. Joseph County, Indiana",1172,302,452,76,430,77,22,34,408,78,22,21,0,11,0,11,22,34,0,11,NA,NA,78900,7425,91900,12120,116400,7884,830,56,362,247,18.9,5.8,10,NA,NA,NA,46250,20698,NA,NA,NA,NA,NA,NA,NA,NA,NA,NA,NA,NA,NA,NA
"181410116021","Block Group 1, Census Tract 116.02, St. Joseph County, Indiana",2741,427,1173,126,1064,141,109,99,629,107,435,126,93,96,0,11,0,11,0,11,23.8,3.4,103200,27804,159500,9591,202700,31274,1090,172,386,191,20.3,3.9,10.8,5.8,NA,NA,68886,3921,NA,NA,NA,NA,NA,NA,NA,NA,NA,NA,NA,NA,843,42
"181410112021","Block Group 1, Census Tract 112.02, St. Joseph County, Indiana",6736,856,194,53,153,52,41,39,0,16,153,52,5,9,0,16,0,16,0,16,50,NA,NA,NA,NA,NA,NA,NA,NA,NA,NA,NA,NA,NA,NA,NA,NA,NA,NA,NA,NA,NA,NA,NA,NA,NA,NA,NA,NA,NA,NA,NA,648,597
"181410112022","Block Group 2, Census Tract 112.02, St. Joseph County, Indiana",1623,181,232,44,178,46,54,40,102,26,76,48,8,14,0,11,0,11,0,11,29.4,15.8,80500,12702,99400,14107,130600,15967,990,340,498,150,17.8,7.4,14.5,7.9,NA,NA,48000,41857,NA,NA,NA,NA,NA,NA,NA,NA,NA,NA,NA,NA,NA,NA
"181410118011","Block Group 1, Census Tract 118.01, St. Joseph County, Indiana",1332,161,549,56,500,63,49,42,462,67,38,27,17,27,0,11,16,24,16,24,22.4,1.7,116800,11721,165600,14911,211400,30132,1289,142,367,30,16.1,2.1,10,NA,NA,NA,94250,16443,NA,NA,NA,NA,NA,NA,NA,NA,NA,NA,NA,NA,1097,70
"181410118022","Block Group 2, Census Tract 118.02, St. Joseph County, Indiana",1388,494,536,149,517,158,19,30,466,160,51,74,0,11,0,11,0,11,0,11,NA,NA,85600,7437,105400,59290,157000,13422,977,75,474,78,18.5,2.3,11.3,4.2,NA,NA,51417,21527,NA,NA,NA,NA,NA,NA,NA,NA,NA,NA,NA,NA,NA,NA
"181410118024","Block Group 4, Census Tract 118.02, St. Joseph County, Indiana",1138,280,574,118,574,118,0,11,549,113,25,30,0,11,0,11,0,11,0,11,NA,NA,78300,11174,94900,7684,253700,59823,692,641,261,107,35.7,16.3,11.5,8.4,NA,NA,65595,16966,NA,NA,NA,NA,NA,NA,NA,NA,NA,NA,NA,NA,NA,NA
"181410118021","Block Group 1, Census Tract 118.02, St. Joseph County, Indiana",2453,379,1081,148,1081,148,0,11,1073,152,8,18,0,11,0,11,0,11,0,11,NA,NA,119500,14241,140500,5011,162800,6793,1133,56,442,39,19.9,4.1,11.4,2.9,NA,NA,71359,13572,NA,NA,NA,NA,NA,NA,NA,NA,NA,NA,NA,NA,NA,NA
"181410113024","Block Group 4, Census Tract 113.02, St. Joseph County, Indiana",727,270,437,109,299,85,138,105,254,63,45,59,18,32,0,11,0,11,46,73,NA,NA,142800,41444,185200,35426,300800,106065,1278,236,434,83,12.3,5.4,10,NA,NA,NA,126250,64882,NA,NA,NA,NA,NA,NA,NA,NA,NA,NA,NA,NA,NA,NA
"181410110004","Block Group 4, Census Tract 110, St. Joseph County, Indiana",2218,341,961,119,924,124,37,57,462,86,462,119,0,11,0,11,0,11,0,11,22.1,5.7,107200,12205,131500,13663,161100,29029,1148,78,329,265,20.9,4.3,10,NA,NA,NA,62188,9697,NA,NA,NA,NA,NA,NA,NA,NA,NA,NA,NA,NA,805,72
"181410107002","Block Group 2, Census Tract 107, St. Joseph County, Indiana",386,104,203,44,192,42,11,15,149,36,43,27,0,11,0,11,0,11,0,11,33.8,19.3,70300,20096,112500,53887,NA,NA,898,292,350,87,22.9,4.8,10,NA,NA,NA,65000,18403,NA,NA,NA,NA,NA,NA,NA,NA,NA,NA,NA,NA,908,733
"181410107003","Block Group 3, Census Tract 107, St. Joseph County, Indiana",452,171,200,75,181,68,19,31,67,29,114,68,19,31,0,11,0,11,0,11,30.5,7.3,63400,15510,75000,7974,85800,35215,822,146,348,204,17.9,9.1,15.2,6.5,NA,NA,54844,26262,NA,NA,NA,NA,NA,NA,NA,NA,NA,NA,NA,NA,873,480
"181410117022","Block Group 2, Census Tract 117.02, St. Joseph County, Indiana",1219,351,625,142,559,127,66,77,269,89,290,99,66,77,0,11,0,11,0,11,39.7,16.9,73100,6835,118300,111636,567300,314852,870,93,956,403,31.2,3.5,10.9,3.2,NA,NA,NA,NA,NA,NA,NA,NA,NA,NA,NA,NA,NA,NA,NA,NA,601,45
"181410117021","Block Group 1, Census Tract 117.02, St. Joseph County, Indiana",1772,418,722,166,722,166,0,11,722,166,0,11,0,11,0,11,0,11,0,11,NA,NA,135800,45547,172900,19026,249500,93426,1132,164,NA,NA,14.1,3.4,13.9,9.9,NA,NA,86833,21321,NA,NA,NA,NA,NA,NA,NA,NA,NA,NA,NA,NA,NA,NA
"181410117023","Block Group 3, Census Tract 117.02, St. Joseph County, Indiana",1550,358,1201,219,906,163,295,169,49,35,857,161,295,169,0,11,0,11,0,11,23.4,4.8,117000,61601,155200,56618,165100,23381,NA,NA,318,116,NA,NA,10,NA,NA,NA,27500,15394,NA,NA,NA,NA,NA,NA,NA,NA,NA,NA,NA,NA,603,32
"181410124002","Block Group 2, Census Tract 124, St. Joseph County, Indiana",793,160,328,47,310,47,18,23,277,45,33,30,0,11,0,11,0,11,0,11,12.9,1.1,87400,25702,154000,21739,260200,37044,1165,274,403,76,23.9,9.8,10.1,2.8,NA,NA,77740,12870,NA,NA,NA,NA,NA,NA,NA,NA,NA,NA,NA,NA,836,128
"181410124001","Block Group 1, Census Tract 124, St. Joseph County, Indiana",1252,168,450,44,421,46,29,32,376,44,45,30,0,11,0,11,0,11,0,11,18.3,11.5,125000,16633,168500,19549,266300,40032,1169,58,436,86,17.6,2.6,10,NA,NA,NA,83333,11222,NA,NA,NA,NA,NA,NA,NA,NA,NA,NA,NA,NA,790,711
"181410007002","Block Group 2, Census Tract 7, St. Joseph County, Indiana",1089,249,540,59,398,76,142,64,176,50,222,73,55,43,14,23,0,11,0,11,30.3,17.7,96700,33663,145700,16579,183300,31348,1162,238,406,49,15.5,2.3,10,NA,NA,NA,55536,34195,NA,NA,NA,NA,NA,NA,NA,NA,NA,NA,NA,NA,647,186
"181410007001","Block Group 1, Census Tract 7, St. Joseph County, Indiana",600,141,290,60,229,49,61,46,171,42,58,34,0,11,0,11,13,20,0,11,50,NA,52900,18002,73600,17868,103900,49327,1006,132,537,168,14.3,2.7,18.3,12.6,NA,NA,59063,38306,NA,NA,NA,NA,NA,NA,NA,NA,NA,NA,NA,NA,658,60
"181410008001","Block Group 1, Census Tract 8, St. Joseph County, Indiana",1193,106,544,38,481,46,63,34,382,47,99,30,20,24,0,11,0,11,0,11,32,6.3,116000,19498,170400,15526,232200,42055,1221,134,401,47,13.5,1.8,10,NA,NA,NA,98750,49841,NA,NA,NA,NA,NA,NA,NA,NA,NA,NA,NA,NA,632,169
"181410008002","Block Group 2, Census Tract 8, St. Joseph County, Indiana",589,86,293,33,288,33,5,7,241,30,47,34,0,11,0,11,0,11,0,11,21.9,5.8,77900,6118,98500,16059,132400,13090,870,103,319,74,13.8,1.9,11.9,2.9,NA,NA,84432,20600,NA,NA,NA,NA,NA,NA,NA,NA,NA,NA,NA,NA,1128,60
"181410016002","Block Group 2, Census Tract 16, St. Joseph County, Indiana",1082,130,515,40,489,43,26,26,437,49,52,21,0,11,0,11,0,11,0,11,23.8,3.9,102800,9699,134800,12942,166500,6174,1092,78,420,38,19.1,3.7,10,NA,NA,NA,91042,9680,NA,NA,NA,NA,NA,NA,NA,NA,NA,NA,NA,NA,1163,89
"181410016001","Block Group 1, Census Tract 16, St. Joseph County, Indiana",1089,132,422,42,354,39,68,36,298,37,56,32,12,19,25,27,0,11,0,11,41.3,31.4,113100,25089,171000,16083,320500,57260,1319,182,453,79,13.2,2,10,NA,NA,NA,108750,25030,NA,NA,NA,NA,NA,NA,NA,NA,NA,NA,NA,NA,950,205
"181410025001","Block Group 1, Census Tract 25, St. Joseph County, Indiana",936,225,353,58,313,57,40,28,199,55,114,53,19,27,0,11,0,11,14,22,23.9,4.2,36400,5902,44500,4528,54600,16510,672,66,236,80,26.5,18.5,10,NA,NA,NA,43450,9801,NA,NA,NA,NA,NA,NA,NA,NA,NA,NA,NA,NA,835,124
"181410025002","Block Group 2, Census Tract 25, St. Joseph County, Indiana",1558,306,463,62,458,61,5,8,379,59,79,37,0,11,0,11,5,8,0,11,50,NA,55100,8702,78700,6133,93100,8013,917,78,301,26,24.7,8.1,10,NA,NA,NA,42986,12580,NA,NA,NA,NA,NA,NA,NA,NA,NA,NA,NA,NA,851,42
"181410101004","Block Group 4, Census Tract 101, St. Joseph County, Indiana",632,206,288,56,268,52,20,32,211,50,57,35,0,11,0,11,0,11,0,11,23,4.4,48600,11223,62600,5301,75800,17310,790,169,342,45,30,16.6,21,4.8,NA,NA,31842,8464,NA,NA,NA,NA,NA,NA,NA,NA,NA,NA,NA,NA,825,66
"181410101001","Block Group 1, Census Tract 101, St. Joseph County, Indiana",746,197,330,60,274,63,56,49,172,58,102,45,0,11,0,11,0,11,0,11,22.7,4.4,54500,18961,70000,12158,86500,11501,806,207,NA,NA,26.9,5.5,14.6,14.2,NA,NA,35568,11376,NA,NA,NA,NA,NA,NA,NA,NA,NA,NA,NA,NA,812,74
"181410101002","Block Group 2, Census Tract 101, St. Joseph County, Indiana",484,207,277,72,177,56,100,74,125,39,52,43,25,34,0,11,0,11,38,50,NA,NA,59400,13172,69000,12695,91200,14492,725,289,292,98,20.4,12.5,10.4,3.8,NA,NA,32250,24605,NA,NA,NA,NA,NA,NA,NA,NA,NA,NA,NA,NA,NA,NA
"181410101003","Block Group 3, Census Tract 101, St. Joseph County, Indiana",831,193,344,55,325,54,19,29,258,61,67,44,0,11,0,11,0,11,0,11,24.3,8,53600,9883,67300,6221,81200,9925,754,112,279,13,16.7,12.4,12.8,5.4,NA,NA,56000,13755,NA,NA,NA,NA,NA,NA,NA,NA,NA,NA,NA,NA,855,177
"181410102001","Block Group 1, Census Tract 102, St. Joseph County, Indiana",910,277,696,150,599,160,97,94,91,49,508,161,0,11,0,11,0,11,0,11,31.7,17.5,NA,NA,72200,32540,83100,12315,NA,NA,372,227,NA,NA,10,NA,NA,NA,NA,NA,NA,NA,NA,NA,NA,NA,NA,NA,NA,NA,NA,NA,515,39
"181410118023","Block Group 3, Census Tract 118.02, St. Joseph County, Indiana",1520,406,707,162,707,162,0,11,486,153,221,70,0,11,0,11,0,11,0,11,27.4,3.8,80100,9310,100700,28631,133900,17505,1203,204,361,79,18.6,6.8,10,NA,NA,NA,85972,17672,NA,NA,NA,NA,NA,NA,NA,NA,NA,NA,NA,NA,332,146
"181410114062","Block Group 2, Census Tract 114.06, St. Joseph County, Indiana",2050,243,794,80,767,79,27,41,659,71,108,75,0,11,0,11,27,41,0,11,18.1,48.5,132800,9382,165400,13813,210400,16525,1281,84,348,25,16.5,1.8,10,NA,NA,NA,90938,9183,NA,NA,NA,NA,NA,NA,NA,NA,NA,NA,NA,NA,1561,460
"181410115041","Block Group 1, Census Tract 115.04, St. Joseph County, Indiana",1594,138,619,33,595,34,24,24,483,49,112,36,12,18,0,11,0,11,0,11,14.3,3.1,108400,24945,157300,9303,199600,16400,1150,156,327,22,18.8,2.4,10,NA,NA,NA,84205,11906,NA,NA,NA,NA,NA,NA,NA,NA,NA,NA,NA,NA,989,144
"181410114061","Block Group 1, Census Tract 114.06, St. Joseph County, Indiana",1019,172,421,52,407,53,14,17,399,55,8,12,0,11,0,11,0,11,6,11,NA,NA,122400,13915,171500,20148,235700,27935,1154,122,392,59,17.6,1.8,10,NA,NA,NA,84931,10115,NA,NA,NA,NA,NA,NA,NA,NA,NA,NA,NA,NA,NA,NA
"181410114063","Block Group 3, Census Tract 114.06, St. Joseph County, Indiana",1952,266,596,65,596,65,0,11,534,65,62,57,0,11,0,11,0,11,0,11,NA,NA,152800,10061,176000,12371,220300,20927,1223,90,333,67,16.5,1.6,10,NA,NA,NA,105000,14948,NA,NA,NA,NA,NA,NA,NA,NA,NA,NA,NA,NA,NA,NA
"181410114051","Block Group 1, Census Tract 114.05, St. Joseph County, Indiana",741,190,225,45,225,45,0,11,216,47,9,15,0,11,0,11,0,11,0,11,NA,NA,170800,15890,201100,15782,231100,10864,1368,346,480,88,18.3,10,10,NA,NA,NA,123542,25675,NA,NA,NA,NA,NA,NA,NA,NA,NA,NA,NA,NA,NA,NA
"181410114052","Block Group 2, Census Tract 114.05, St. Joseph County, Indiana",1260,220,423,54,423,54,0,11,411,57,12,18,0,11,0,11,0,11,0,11,NA,NA,146500,13060,165200,5507,213000,34360,1250,163,380,158,17.1,3.9,10,NA,NA,NA,104074,5163,NA,NA,NA,NA,NA,NA,NA,NA,NA,NA,NA,NA,NA,NA
"181410114053","Block Group 3, Census Tract 114.05, St. Joseph County, Indiana",1809,240,551,56,550,55,1,12,519,60,31,47,0,11,0,11,0,11,1,12,NA,NA,169800,10324,213500,10582,245200,51101,1429,148,468,37,16.4,2.7,10,NA,NA,NA,106964,16265,NA,NA,NA,NA,NA,NA,NA,NA,NA,NA,NA,NA,NA,NA
"181410115062","Block Group 2, Census Tract 115.06, St. Joseph County, Indiana",3318,390,1774,146,1547,141,227,147,385,115,1162,160,170,132,42,67,0,11,0,11,24.9,5.5,131100,19917,161200,21695,211800,56930,1250,313,598,98,24.1,2.5,10.3,4.7,NA,NA,44643,11284,NA,NA,NA,NA,NA,NA,NA,NA,NA,NA,NA,NA,697,43
"181410115061","Block Group 1, Census Tract 115.06, St. Joseph County, Indiana",1750,455,1049,140,846,140,203,136,263,84,583,141,121,109,39,61,0,11,43,68,21.1,4.6,71500,3210,76400,3367,84300,27628,813,244,253,65,24.2,4.5,12,3.3,NA,NA,41711,8033,NA,NA,NA,NA,NA,NA,NA,NA,NA,NA,NA,NA,726,105
"181410115051","Block Group 1, Census Tract 115.05, St. Joseph County, Indiana",881,203,364,72,317,59,47,51,285,55,32,34,24,38,0,11,0,11,0,11,NA,NA,154700,11646,181300,16257,218100,16479,1274,164,451,31,21.9,5.8,10,NA,NA,NA,85125,23299,NA,NA,NA,NA,NA,NA,NA,NA,NA,NA,NA,NA,NA,NA
"181410114032","Block Group 2, Census Tract 114.03, St. Joseph County, Indiana",1825,309,935,105,808,112,127,82,447,74,361,98,61,72,43,70,0,11,0,11,34.9,41.4,84800,9810,125400,29505,257700,46294,1046,170,306,155,16.8,3.1,10,NA,NA,NA,53529,19581,NA,NA,NA,NA,NA,NA,NA,NA,NA,NA,NA,NA,1174,131
"181410115052","Block Group 2, Census Tract 115.05, St. Joseph County, Indiana",1990,227,1454,157,1005,130,449,119,143,40,862,135,286,108,122,72,8,12,0,11,25.1,4.1,138500,22044,162800,17789,187300,18654,1278,198,348,65,17.5,6.4,13.4,19.9,NA,NA,56696,21850,NA,NA,NA,NA,NA,NA,NA,NA,NA,NA,NA,NA,848,25
"181410114031","Block Group 1, Census Tract 114.03, St. Joseph County, Indiana",3079,430,1021,91,945,103,76,85,933,108,12,19,0,11,0,11,0,11,0,11,NA,NA,258700,11269,296800,19763,370800,22115,1882,124,600,60,19.5,4.2,10,NA,NA,NA,123021,20795,NA,NA,NA,NA,NA,NA,NA,NA,NA,NA,NA,NA,NA,NA
"181410114033","Block Group 3, Census Tract 114.03, St. Joseph County, Indiana",814,218,302,58,302,58,0,11,281,62,21,31,0,11,0,11,0,11,0,11,NA,NA,162400,29685,199100,27814,244600,31773,1480,184,366,58,17,3,10,NA,NA,NA,100536,22186,NA,NA,NA,NA,NA,NA,NA,NA,NA,NA,NA,NA,NA,NA
"181410114042","Block Group 2, Census Tract 114.04, St. Joseph County, Indiana",1479,361,559,107,488,97,71,72,470,94,18,28,35,54,0,11,0,11,0,11,NA,NA,143000,21496,168400,14106,195400,19782,1264,164,315,109,17.6,3.8,10,NA,NA,NA,91458,59986,NA,NA,NA,NA,NA,NA,NA,NA,NA,NA,NA,NA,NA,NA
"181410114043","Block Group 3, Census Tract 114.04, St. Joseph County, Indiana",2360,384,629,94,629,94,0,11,629,94,0,11,0,11,0,11,0,11,0,11,NA,NA,236900,50750,325500,24219,379400,20843,1592,204,613,103,13.3,1.5,10,NA,NA,NA,152056,17252,NA,NA,NA,NA,NA,NA,NA,NA,NA,NA,NA,NA,NA,NA
"181410114041","Block Group 1, Census Tract 114.04, St. Joseph County, Indiana",3315,430,1094,134,1059,132,35,53,1032,138,27,31,0,11,0,11,0,11,0,11,NA,NA,190800,15417,244600,35962,429900,53447,1476,286,370,83,14.5,1.6,10,NA,NA,NA,132266,23425,NA,NA,NA,NA,NA,NA,NA,NA,NA,NA,NA,NA,NA,NA
"181410112011","Block Group 1, Census Tract 112.01, St. Joseph County, Indiana",683,135,449,33,303,53,146,43,158,37,145,36,12,13,37,41,17,21,8,12,26.9,5.5,68600,10485,87700,4844,130900,17080,847,59,300,140,18.8,3.3,10,NA,NA,NA,42500,12499,NA,NA,NA,NA,NA,NA,NA,NA,NA,NA,NA,NA,676,21
"181410113052","Block Group 2, Census Tract 113.05, St. Joseph County, Indiana",2196,276,825,76,825,76,0,11,789,84,36,25,0,11,0,11,0,11,0,11,18.9,6.8,118100,7859,146300,7950,169100,4949,1008,121,384,49,17.7,2.6,10,NA,NA,NA,79107,9465,NA,NA,NA,NA,NA,NA,NA,NA,NA,NA,NA,NA,1304,1072
"181410003022","Block Group 2, Census Tract 3.02, St. Joseph County, Indiana",897,235,421,90,319,79,102,87,266,79,53,54,36,55,0,11,0,11,0,11,10,NA,59000,21770,125400,37793,139900,6406,1295,226,332,15,18.4,2.2,10,NA,NA,NA,117188,62070,NA,NA,NA,NA,NA,NA,NA,NA,NA,NA,NA,NA,1103,66
"181410117025","Block Group 5, Census Tract 117.02, St. Joseph County, Indiana",790,262,391,108,312,91,79,89,312,91,0,11,0,11,0,11,0,11,0,11,NA,NA,119000,15048,141500,21773,165400,34738,1064,138,349,183,13.9,7,13.5,9,NA,NA,NA,NA,NA,NA,NA,NA,NA,NA,NA,NA,NA,NA,NA,NA,NA,NA
"181410117024","Block Group 4, Census Tract 117.02, St. Joseph County, Indiana",2686,489,1611,197,1308,162,303,169,404,93,904,142,186,132,117,110,0,11,0,11,24.2,2.6,124500,25260,162800,23625,224500,28169,1383,139,254,75,18.5,6.4,10,NA,NA,NA,53516,28574,NA,NA,NA,NA,NA,NA,NA,NA,NA,NA,NA,NA,743,44
"181410030001","Block Group 1, Census Tract 30, St. Joseph County, Indiana",381,165,284,66,183,67,101,51,64,42,119,56,26,30,0,11,0,11,0,11,50,NA,NA,NA,27800,11724,45600,26519,NA,NA,310,47,NA,NA,10,NA,NA,NA,NA,NA,NA,NA,NA,NA,NA,NA,NA,NA,NA,NA,NA,NA,763,107
"181410030002","Block Group 2, Census Tract 30, St. Joseph County, Indiana",1115,326,533,64,350,75,183,71,197,70,153,70,38,33,0,11,10,16,0,11,26.4,5.4,23900,13782,53200,20721,74600,19410,823,291,238,52,17.9,4.8,10,NA,NA,NA,66250,10289,NA,NA,NA,NA,NA,NA,NA,NA,NA,NA,NA,NA,745,37
"181410117012","Block Group 2, Census Tract 117.01, St. Joseph County, Indiana",1542,387,710,108,501,99,209,78,417,102,84,73,0,11,0,11,0,11,60,63,16,10.8,9999,NA,NA,NA,155500,69270,894,192,457,67,18.8,4.6,13.4,1.4,NA,NA,38438,11630,NA,NA,NA,NA,NA,NA,NA,NA,NA,NA,NA,NA,575,8
"181410117011","Block Group 1, Census Tract 117.01, St. Joseph County, Indiana",2318,354,798,90,798,90,0,11,778,92,20,26,0,11,0,11,0,11,0,11,NA,NA,103700,4090,119000,4849,155700,12844,1027,96,372,14,18.8,2.4,10.2,2.7,NA,NA,73352,12905,NA,NA,NA,NA,NA,NA,NA,NA,NA,NA,NA,NA,NA,NA
"181410003021","Block Group 1, Census Tract 3.02, St. Joseph County, Indiana",1534,317,960,142,767,157,193,126,63,39,704,152,101,86,34,53,0,11,0,11,33.5,4.6,128600,60523,140500,14398,154300,17147,NA,NA,NA,NA,NA,NA,14.8,6.2,NA,NA,23393,8109,NA,NA,NA,NA,NA,NA,NA,NA,NA,NA,NA,NA,680,56
"181410011001","Block Group 1, Census Tract 11, St. Joseph County, Indiana",1224,338,409,84,363,82,46,49,289,76,74,64,0,11,0,11,0,11,0,11,36.1,11.5,65700,6914,78000,9265,92300,7253,944,142,350,160,13.3,1,10,NA,NA,NA,59402,41943,NA,NA,NA,NA,NA,NA,NA,NA,NA,NA,NA,NA,688,323
"181410011002","Block Group 2, Census Tract 11, St. Joseph County, Indiana",641,201,347,90,299,79,48,52,230,61,69,67,0,11,24,37,0,11,0,11,NA,NA,64200,8207,75800,5018,88300,7488,831,54,275,118,26.4,5.1,10,NA,NA,NA,NA,NA,NA,NA,NA,NA,NA,NA,NA,NA,NA,NA,NA,NA,NA,NA
"181410011004","Block Group 4, Census Tract 11, St. Joseph County, Indiana",1108,244,471,83,453,78,18,29,360,63,93,62,0,11,0,11,0,11,0,11,18.2,1.4,93700,9707,129500,18006,159000,8073,847,42,447,155,16.1,2.3,14.2,4.7,NA,NA,80366,19824,NA,NA,NA,NA,NA,NA,NA,NA,NA,NA,NA,NA,1131,28
"181410011003","Block Group 3, Census Tract 11, St. Joseph County, Indiana",1551,372,794,119,646,132,148,85,303,76,343,118,44,49,26,42,0,11,0,11,39.1,29.6,74900,9725,85000,3553,96800,17089,935,79,318,49,26.5,1.8,10,NA,NA,NA,37833,18623,NA,NA,NA,NA,NA,NA,NA,NA,NA,NA,NA,NA,649,226
"181410103004","Block Group 4, Census Tract 103, St. Joseph County, Indiana",913,267,405,84,364,88,41,64,303,78,61,70,0,11,0,11,0,11,0,11,NA,NA,70500,8868,80100,6805,91100,10172,785,104,317,60,18.1,3.3,11.3,5.1,NA,NA,51250,20456,NA,NA,NA,NA,NA,NA,NA,NA,NA,NA,NA,NA,NA,NA
"181410103001","Block Group 1, Census Tract 103, St. Joseph County, Indiana",877,357,241,59,241,59,0,11,91,44,150,59,0,11,0,11,0,11,0,11,23.3,3.6,NA,NA,77200,14847,93300,20570,738,27,316,79,22.2,3.9,10,NA,NA,NA,23980,23793,NA,NA,NA,NA,NA,NA,NA,NA,NA,NA,NA,NA,427,40
"181410103002","Block Group 2, Census Tract 103, St. Joseph County, Indiana",2300,509,969,145,909,153,60,73,648,115,261,130,0,11,0,11,0,11,43,68,41,16.6,102100,18220,127500,9886,149200,9639,999,132,359,61,22.5,2.3,10.2,3.4,NA,NA,50474,8325,NA,NA,NA,NA,NA,NA,NA,NA,NA,NA,NA,NA,728,116
"181410103003","Block Group 3, Census Tract 103, St. Joseph County, Indiana",1594,548,505,127,459,134,46,72,226,86,233,140,0,11,0,11,0,11,0,11,16.6,17.6,84100,8678,103400,15171,153700,57395,935,84,NA,NA,16.3,3.1,NA,NA,NA,NA,45563,43762,NA,NA,NA,NA,NA,NA,NA,NA,NA,NA,NA,NA,796,142
"181410103005","Block Group 5, Census Tract 103, St. Joseph County, Indiana",681,266,310,86,260,73,50,67,237,68,23,37,0,11,0,11,50,67,0,11,NA,NA,81300,7775,108100,45714,151900,15737,904,104,308,21,17,10.1,12.3,19.6,NA,NA,68125,23324,NA,NA,NA,NA,NA,NA,NA,NA,NA,NA,NA,NA,NA,NA
"181410104002","Block Group 2, Census Tract 104, St. Joseph County, Indiana",1267,262,554,89,532,76,22,35,292,75,240,80,0,11,0,11,0,11,0,11,32.1,21.4,85900,12114,110400,11103,131400,8234,963,69,529,75,19.4,15.2,16.2,15.7,NA,NA,41786,14365,NA,NA,NA,NA,NA,NA,NA,NA,NA,NA,NA,NA,713,266
"181410104001","Block Group 1, Census Tract 104, St. Joseph County, Indiana",1276,208,545,72,523,71,22,34,424,80,99,56,0,11,0,11,0,11,0,11,33.9,12.2,73300,10339,96300,5745,127000,16429,901,217,381,75,19.3,3.3,10,NA,NA,NA,53300,8083,NA,NA,NA,NA,NA,NA,NA,NA,NA,NA,NA,NA,540,372
"181410104003","Block Group 3, Census Tract 104, St. Joseph County, Indiana",825,227,352,72,329,70,23,36,239,58,90,64,0,11,0,11,0,11,0,11,27.1,0.9,67700,12945,91000,27572,134900,34085,862,117,292,130,21.8,7.8,10,NA,NA,NA,45813,10855,NA,NA,NA,NA,NA,NA,NA,NA,NA,NA,NA,NA,786,213
"181410113041","Block Group 1, Census Tract 113.04, St. Joseph County, Indiana",2270,161,887,47,849,49,38,26,835,49,14,12,0,11,0,11,0,11,0,11,22,11.1,176700,6881,212000,10671,271900,18894,1511,99,493,46,15.6,2,10,NA,NA,NA,121616,5466,NA,NA,NA,NA,NA,NA,NA,NA,NA,NA,NA,NA,1350,674
"181410116011","Block Group 1, Census Tract 116.01, St. Joseph County, Indiana",2331,348,798,104,763,100,35,56,712,104,51,46,0,11,0,11,35,56,0,11,NA,NA,122200,46191,157600,6653,179700,14985,1240,122,291,63,17,1.5,10,NA,NA,NA,86597,10632,NA,NA,NA,NA,NA,NA,NA,NA,NA,NA,NA,NA,NA,NA
"181410116013","Block Group 3, Census Tract 116.01, St. Joseph County, Indiana",3483,475,1073,127,1073,127,0,11,1014,135,59,70,0,11,0,11,0,11,0,11,NA,NA,130000,11500,157400,9938,208600,44061,1100,172,424,61,17.1,1.5,10,NA,NA,NA,91875,9771,NA,NA,NA,NA,NA,NA,NA,NA,NA,NA,NA,NA,NA,NA
"181410116012","Block Group 2, Census Tract 116.01, St. Joseph County, Indiana",2729,397,1045,121,955,110,90,67,940,112,15,25,0,11,0,11,12,19,0,11,NA,NA,116200,9566,157100,12584,205000,27368,1102,214,338,34,13.4,2.4,10,NA,NA,NA,86758,17589,NA,NA,NA,NA,NA,NA,NA,NA,NA,NA,NA,NA,NA,NA
"181410116023","Block Group 3, Census Tract 116.02, St. Joseph County, Indiana",2066,384,697,114,697,114,0,11,681,113,16,23,0,11,0,11,0,11,0,11,NA,NA,134300,11349,184200,26577,233800,20839,1296,177,366,92,17.6,1.6,10.7,4.8,NA,NA,83516,24148,NA,NA,NA,NA,NA,NA,NA,NA,NA,NA,NA,NA,NA,NA
"181410116024","Block Group 4, Census Tract 116.02, St. Joseph County, Indiana",1353,318,549,90,474,82,75,55,389,69,85,69,0,11,17,27,0,11,24,40,15.1,6.5,86300,7356,118200,16831,153700,14228,1007,98,288,36,22.8,7.5,11.5,3.6,NA,NA,60463,9292,NA,NA,NA,NA,NA,NA,NA,NA,NA,NA,NA,NA,1070,219
